,bam-2,C27B7.7,cam-1,casy-1,cdh-12,cdh-3,cdh-4,cdh-5,clr-1,dma-1,egl-15,fmi-1,glit-1,him-4,hmr-1,igcm-1,igcm-2,igcm-3,igdb-1,igeg-1,igeg-2,iglr-1,iglr-3,lad-2,lat-1,lat-2,let-4,lron-10,lron-11,lron-12,lron-13,lron-14,lron-15,lron-5,lron-6,lron-7,madd-4,mig-6,ncam-1,nlg-1,nlr-1,nrx-1,oig-1,oig-2,oig-3,oig-4,oig-5,oig-8,pan-1,ptp-3,ptp-4,pxn-1,pxn-2,rig-1,rig-3,rig-4,rig-5,rig-6,sax-3,sax-7,slt-1,syg-1,syg-2,ten-1,tol-1,unc-40,unc-5,unc-52,unc-6,ver-3,wrk-1,Y37E11AL.6,zig-1,zig-10,zig-2,zig-3,zig-4,zig-5,zig-6,zig-7,zig-8,zig-9,cdh-1,cdh-10,cdh-7,cdh-8,cdh-9,dig-1,egg-6,fshr-1,igcm-4,igdb-2,igdb-3,iglr-2,itx-1,lron-1,lron-2,lron-3,lron-4,lron-8,lron-9,oig-6,oig-7,sma-10,sym-1,T07H6.4,ver-1,ver-4
bam-2,-24.27487317353291,26.00928798566515,25.491992881531964,-25.53136904381209,-23.058450848630848,25.269262241979554,0,0,0,26.370712312737453,0,24.46245559147723,0,0,21.414816367216915,-25.338614488052237,0,23.92862564942019,0,-25.8610680229818,0,-25.812899596943872,-24.05658400220841,0,26.129323109241177,0,0,-23.759892612683537,25.362872095628735,0,24.563640770968366,-24.592775252423607,0,-24.67301378264381,-25.49901948373064,-22.57604604308781,-25.00094204492159,0,-26.025949374586975,-23.11293572289941,25.353083469565675,24.916062944636646,-24.481874592377814,-25.718168673673624,0,25.69909924073932,-25.90657080193247,25.501359132022667,24.384589612514716,-24.736167480215556,-24.712060657984942,25.92248973828689,-25.613091565295328,-25.370544780521143,-23.021864006312683,-25.69301084248239,-23.798533555475995,25.799903574633635,-24.11583332336109,24.023057147713835,0,24.90927339322039,0,-23.64631050470471,25.710492156694546,-24.384589612130288,0,0,-23.068040579808784,0,24.35585998700824,-22.946278925807917,24.82657534650437,-22.37055110952757,23.686457891091127,-24.394374116185453,25.93507085203678,-24.908233477411063,0,0,0,0,0,0,0,0,0,0,0,0,0,0,0,0,0,0,0,0,0,0,0,0,0,0,0,0,0,0
C27B7.7,24.747888302371763,-23.249984481306207,25.21021536653497,-24.225480605644748,23.40977991613056,22.71069324380844,0,0,0,25.05991926995999,0,-24.445816814149723,0,0,24.99830735289583,-24.8968581310202,0,-22.787167593532143,0,20.776982420551626,0,24.548994371742165,-24.87343574282182,0,24.12062223259098,0,0,-23.627254408820846,25.308660028534565,0,-24.448791646676355,24.80498881777234,0,-25.180625480540638,-25.723551671816814,-22.253399378588384,-24.829846151828775,0,-25.108390853492665,23.797954411964742,23.896199911964374,25.096466299101753,23.24087254228629,22.071630850103425,0,23.46701313347911,24.24857634896773,25.122156096469123,23.036983998816464,-24.50432901555265,-23.411242781663454,-22.767747592547618,-20.914231586012043,-22.113429592012007,25.738664753602706,25.3055596779342,-24.908957822552924,24.50568715840407,-24.420739198134182,25.51784374921962,0,25.98750739981738,0,25.01925779231431,-23.59514225108402,21.154091817490645,0,0,-23.93744869239427,0,25.4334977069877,-24.953362570378456,-25.414051237060956,24.864118255763746,-24.071534965646624,-25.746651262762217,-25.8673662942163,-24.95569873515137,0,0,0,0,0,0,0,0,0,0,0,0,0,0,0,0,0,0,0,0,0,0,0,0,0,0,0,0,0,0
cam-1,24.25487158027473,-22.808144596716822,-24.251604102636108,23.774698962458064,24.003521887583602,-25.486460531228413,0,0,0,24.713243695378836,0,-24.386454476775466,0,0,-22.974070875773428,-24.0320109037135,0,-25.239792902891864,0,25.10294903311605,0,24.94178355712681,-23.520788266641308,0,-24.676925813467257,0,0,24.693504865599124,25.536095447822472,0,22.73216588075464,-25.283102719445512,0,24.605895897371976,-19.876073169024384,22.061354639816052,24.017441819903443,0,-22.292502496856812,-22.462414593374493,23.969444155801447,-23.970285491161725,-23.87605326888953,23.95571312536961,0,-24.119942252012944,-24.00839996504878,24.650830426420125,-21.938371705692592,21.819984329019267,24.98578925627675,-24.256296816035263,24.93083469383256,23.59155349651721,24.999970099240095,25.468593681746533,22.876384982960438,-23.110305198935382,22.79894209042893,-23.60604053609264,0,-20.510791240355005,0,24.865143517575596,-24.379916076502116,21.938371703010954,0,0,-23.477178507045778,0,24.088368163075028,-24.80344341556111,22.788271672916597,23.738902716584736,23.888633693658466,23.93611116248792,-25.377342103662198,25.144772944891344,0,0,0,0,0,0,0,0,0,0,0,0,0,0,0,0,0,0,0,0,0,0,0,0,0,0,0,0,0,0
casy-1,-24.964969015412688,23.846424110975363,22.604070932965616,-22.9510179251387,-23.90633432856771,24.594974070571293,0,0,0,-25.478046115700334,0,23.919354967074376,0,0,22.623368049919637,24.99004150525566,0,25.05555332548817,0,-23.950736848386427,0,-24.63011712579352,-21.801472246934487,0,24.459662900737243,0,0,-24.13980740543386,-25.418136802530142,0,-23.403161315083622,25.764318096009767,0,-24.1470020787349,24.78433065318434,-22.402715441400083,-23.189530474092084,0,24.79033460332776,-23.294946858166863,25.453233523173136,-23.952247391899466,-22.173406819248928,22.863394377777063,0,-22.146696071961372,24.77925712726634,21.748554080004382,0.5672941023897397,-24.685862085023132,-23.696687399077177,24.366953645436883,23.807349583236547,-23.22620778660466,23.952443813034076,-25.10280024099279,22.401290089122032,23.10628189492443,-19.350527496669642,-23.33286401631532,0,-21.309423680773165,0,20.891608368449326,23.46708104760745,-1.04918792074844,0,0,24.43240339255998,0,-24.651802407994484,24.171066825172712,-24.24378134453945,22.107797269721754,-25.413227212010856,-23.8792769776699,24.135022686977642,-23.7050354169146,0,0,0,0,0,0,0,0,0,0,0,0,0,0,0,0,0,0,0,0,0,0,0,0,0,0,0,0,0,0
cdh-12,22.944983890813198,25.50543082356439,-22.97079718364944,23.355289185780958,0.26121865208740996,23.14134621420849,0,0,0,-25.28067692036641,0,-0.9360724903145992,0,0,-2.0022042210795608,-24.059120680008096,0,25.13012976544695,0,0.0,0,24.637923700788743,-23.35528918534487,0,24.21552297926517,0,0,-22.448199033246134,-22.75678845311815,0,1.1195899374926879,-22.64907974329662,0,22.662142006850452,-22.27765000271584,2.507365147440328,24.2248902545222,0,24.6313014539616,-24.081436630286007,24.774113074396894,2.4964267830840816,-25.240693704365743,-25.076448389199143,0,22.182607953133527,23.598408853047793,25.269558115564955,1.3509776081638365,-2.3919410019879543,23.635195768225536,-24.73647354859849,-24.407722440927394,-0.4361752715735397,-2.058987965873071,25.448271360579007,22.970797183431728,21.911110953064505,-1.9349178495638841,23.83643242966906,0,-23.307021798297278,0,0.3399183205943137,-24.918037435114964,-23.178613250363842,0,0,24.517824131895715,0,-24.582408890619003,-24.64493593203964,-23.598408852926376,23.952531903127767,-24.1873379582467,24.75226786066695,-24.214903549389692,-22.44819903301619,0,0,0,0,0,0,0,0,0,0,0,0,0,0,0,0,0,0,0,0,0,0,0,0,0,0,0,0,0,0
cdh-3,-25.579889837157182,23.62824605270593,24.922133415917827,-24.40706473395187,24.86300295995073,24.137515395327817,0,0,0,25.432801587744827,0,-23.633988231484043,0,0,-25.25053324934119,-22.66657896386026,0,-24.315718028617493,0,26.088591629416893,0,26.231168536185617,22.822993151831646,0,25.901531793598657,0,0,24.622533212210417,-23.560480809371487,0,-24.17747777089103,26.51198618544788,0,-24.078818179249414,25.98228949043243,-1.9500256969004188,24.98690902997283,0,25.51660229759333,-25.19668477071885,24.863394900997495,22.05230259936573,-25.550838495492957,-25.97770481536958,0,-25.26287338213105,24.70197448631736,-25.435243665306672,1.727789091787812,25.04523297831525,25.885519076715475,-24.386654186241476,-22.961055481471508,22.940841050345533,24.527628688388134,-24.478644695990276,-25.631528189945655,-23.344432330344443,24.703863867989522,-23.162705799520065,0,23.002864519571922,0,24.69523028815634,24.48153178238238,-0.019724535150100534,0,0,26.209827531076954,0,-25.851455406706044,-23.844798473804136,-25.44322208810327,25.513725509286964,23.770700072760185,-25.147328640842307,-26.232262946752694,24.73164510023368,0,0,0,0,0,0,0,0,0,0,0,0,0,0,0,0,0,0,0,0,0,0,0,0,0,0,0,0,0,0
cdh-4,0.0,0.0,0.0,0.0,0.0,0.0,0,0,0,0.0,0,0.0,0,0,0.0,0.0,0,0.0,0,0.0,0,0.0,0.0,0,0.0,0,0,0.0,0.0,0,0.0,0.0,0,0.0,0.0,0.0,0.0,0,0.0,0.0,0.0,0.0,0.0,0.0,0,0.0,0.0,0.0,0.0,0.0,0.0,0.0,0.0,0.0,0.0,0.0,0.0,0.0,0.0,0.0,0,0.0,0,0.0,0.0,0.0,0,0,0.0,0,0.0,0.0,0.0,0.0,0.0,0.0,0.0,0.0,0,0,0,0,0,0,0,0,0,0,0,0,0,0,0,0,0,0,0,0,0,0,0,0,0,0,0,0,0,0
cdh-5,0.0,0.0,0.0,0.0,0.0,0.0,0,0,0,0.0,0,0.0,0,0,0.0,0.0,0,0.0,0,0.0,0,0.0,0.0,0,0.0,0,0,0.0,0.0,0,0.0,0.0,0,0.0,0.0,0.0,0.0,0,0.0,0.0,0.0,0.0,0.0,0.0,0,0.0,0.0,0.0,0.0,0.0,0.0,0.0,0.0,0.0,0.0,0.0,0.0,0.0,0.0,0.0,0,0.0,0,0.0,0.0,0.0,0,0,0.0,0,0.0,0.0,0.0,0.0,0.0,0.0,0.0,0.0,0,0,0,0,0,0,0,0,0,0,0,0,0,0,0,0,0,0,0,0,0,0,0,0,0,0,0,0,0,0
clr-1,0.0,0.0,0.0,0.0,0.0,0.0,0,0,0,0.0,0,0.0,0,0,0.0,0.0,0,0.0,0,0.0,0,0.0,0.0,0,0.0,0,0,0.0,0.0,0,0.0,0.0,0,0.0,0.0,0.0,0.0,0,0.0,0.0,0.0,0.0,0.0,0.0,0,0.0,0.0,0.0,0.0,0.0,0.0,0.0,0.0,0.0,0.0,0.0,0.0,0.0,0.0,0.0,0,0.0,0,0.0,0.0,0.0,0,0,0.0,0,0.0,0.0,0.0,0.0,0.0,0.0,0.0,0.0,0,0,0,0,0,0,0,0,0,0,0,0,0,0,0,0,0,0,0,0,0,0,0,0,0,0,0,0,0,0
dma-1,23.2470351523235,-25.357430116916337,24.097999711588177,-24.670987480178102,-23.825986316313216,-24.654427508953166,0,0,0,-24.322509024616565,0,-23.40260697756925,0,0,24.56847362870891,0.0,0,0.0,0,-21.36070020236287,0,-25.49127930535613,24.897832469336336,0,24.402463804639694,0,0,24.764800672113516,25.16579218220848,0,23.469206021504732,-25.568641775373937,0,25.8793745881844,0.0,21.596539285278137,-24.69805235490061,0,25.238118135087532,23.53975640052106,25.002359026393517,-25.215558822301283,25.08507021832713,-24.37447840494327,0,-21.36070020236287,23.478281773963285,-24.322509024616565,23.959203952514173,-23.921018420026783,-23.832079651941225,-24.71671732178313,0.0,25.291317292500096,25.283821328415314,-24.00381808047964,24.099703118383463,26.508575543886213,-25.957737923427825,25.1728858256284,0,-24.82027635603832,0,22.414545547506847,23.079008725132788,22.24223799191224,0,0,-25.631009367689444,0,-22.06712704664869,25.761754307208097,-25.853345639349676,-25.210627431326397,0.0,-23.46571027309555,0.0,0.0,0,0,0,0,0,0,0,0,0,0,0,0,0,0,0,0,0,0,0,0,0,0,0,0,0,0,0,0,0,0
egl-15,0.0,0.0,0.0,0.0,0.0,0.0,0,0,0,0.0,0,0.0,0,0,0.0,0.0,0,0.0,0,0.0,0,0.0,0.0,0,0.0,0,0,0.0,0.0,0,0.0,0.0,0,0.0,0.0,0.0,0.0,0,0.0,0.0,0.0,0.0,0.0,0.0,0,0.0,0.0,0.0,0.0,0.0,0.0,0.0,0.0,0.0,0.0,0.0,0.0,0.0,0.0,0.0,0,0.0,0,0.0,0.0,0.0,0,0,0.0,0,0.0,0.0,0.0,0.0,0.0,0.0,0.0,0.0,0,0,0,0,0,0,0,0,0,0,0,0,0,0,0,0,0,0,0,0,0,0,0,0,0,0,0,0,0,0
fmi-1,-24.48951579490576,-26.033096421585334,23.653279947232274,-21.463011522502196,-1.531965563539448,25.358422730396267,0,0,0,-24.604879172182017,0,2.1117111383056355,0,0,3.881525650243167,25.5806543683323,0,-26.117490900725006,0,-23.417531538767165,0,-24.41491459992606,21.463011523789145,0,-22.183067628185505,0,0,-24.66527554982418,-25.591974314001686,0,3.264315947992112,24.464974693319018,0,-20.769864345055705,22.96013276684819,3.349352075406324,-20.76986448322431,0,23.008573402943355,-21.83128350502984,23.79636861435388,-2.283908189864812,-21.09950604663549,23.210600246853204,0,-23.613609595596653,26.08642809173004,-1.5119020138409476,2.5267303397094842,-2.006974614506802,-24.390148761831448,20.342722642909727,26.058043537101874,-2.2104667590162426,-3.4456148638912287,22.182884847203088,-23.653279947214692,-24.11299977211978,-3.8890858625124327,-4.282144566832714,0,24.89060325610352,0,24.246786739214066,21.463011592600246,0.5686516410438002,0,0,21.09950603538559,0,-21.728534508593054,22.78470960186638,-23.80953825594914,21.990832931057827,23.31246450057058,-26.273801548496643,-25.322224195007323,-24.66527554976649,0,0,0,0,0,0,0,0,0,0,0,0,0,0,0,0,0,0,0,0,0,0,0,0,0,0,0,0,0,0
glit-1,0.0,0.0,0.0,0.0,0.0,0.0,0,0,0,0.0,0,0.0,0,0,0.0,0.0,0,0.0,0,0.0,0,0.0,0.0,0,0.0,0,0,0.0,0.0,0,0.0,0.0,0,0.0,0.0,0.0,0.0,0,0.0,0.0,0.0,0.0,0.0,0.0,0,0.0,0.0,0.0,0.0,0.0,0.0,0.0,0.0,0.0,0.0,0.0,0.0,0.0,0.0,0.0,0,0.0,0,0.0,0.0,0.0,0,0,0.0,0,0.0,0.0,0.0,0.0,0.0,0.0,0.0,0.0,0,0,0,0,0,0,0,0,0,0,0,0,0,0,0,0,0,0,0,0,0,0,0,0,0,0,0,0,0,0
him-4,0.0,0.0,0.0,0.0,0.0,0.0,0,0,0,0.0,0,0.0,0,0,0.0,0.0,0,0.0,0,0.0,0,0.0,0.0,0,0.0,0,0,0.0,0.0,0,0.0,0.0,0,0.0,0.0,0.0,0.0,0,0.0,0.0,0.0,0.0,0.0,0.0,0,0.0,0.0,0.0,0.0,0.0,0.0,0.0,0.0,0.0,0.0,0.0,0.0,0.0,0.0,0.0,0,0.0,0,0.0,0.0,0.0,0,0,0.0,0,0.0,0.0,0.0,0.0,0.0,0.0,0.0,0.0,0,0,0,0,0,0,0,0,0,0,0,0,0,0,0,0,0,0,0,0,0,0,0,0,0,0,0,0,0,0
hmr-1,-24.233632286731844,25.62719556796738,-22.435822409769315,-23.93066283564736,0.8591010370273827,25.181446618379102,0,0,0,-24.396287684480455,0,3.641926285716155,0,0,4.838112133462679,23.237305856195526,0,-25.83674596604036,0,-24.71896948765841,0,-25.121915106937166,-22.472305287134468,0,-23.739233462317078,0,0,-24.48829943783299,24.16630360651483,0,4.295528922108937,-25.268794595395573,0,21.779158112616145,-23.56181964872918,4.185737129091739,-23.691078149003854,0,23.866919916679908,-23.514751635899042,24.97301737564408,1.8060108681480875,24.517881337644326,24.718457033664993,0,23.487761509916943,24.961944943020736,0.6292624976626244,1.8041312508959777,-23.917372021678624,-23.689376759546363,-24.911276440402396,24.15817532642741,21.862135342927836,-4.6915586570357215,25.417046012788234,-22.26487652219416,24.03106633601176,-4.8329489740685245,-22.682231641373516,0,24.6004670661664,0,22.8820080360083,24.384225321405403,-1.0849698476222682,0,0,-24.51788133805745,0,24.744811523723794,24.46221756522814,-24.913063431815143,23.42247430603994,24.01526123783564,-24.549192689409256,-25.38650590663285,-24.398182597069567,0,0,0,0,0,0,0,0,0,0,0,0,0,0,0,0,0,0,0,0,0,0,0,0,0,0,0,0,0,0
igcm-1,-23.576070283767585,-24.28586651285618,-25.97426239413806,24.81147393875334,24.406137923239218,-25.375401992942262,0,0,0,0.0,0,-22.690822091275052,0,0,-23.739698013017467,26.1127388148779,0,-24.28586651285618,0,-25.54398169906117,0,-24.559017679107782,-25.41856323336715,0,-24.98475609333239,0,0,-22.815440253557544,-23.300421320908836,0,24.016674405828883,-25.749117185669263,0,-24.295239715233812,24.345165779146974,23.8883970147745,24.465968546165648,0,25.363665642403475,22.200859503200892,-23.877257994728247,-25.329917781787362,22.750166486018774,-23.6912863395968,0,24.460725397390906,25.67669917981301,-25.008890844136268,-24.404121075334345,-24.98955470759322,-23.11267929980992,-25.731247906831832,-24.979013693416128,22.757967973425874,-23.347601085107726,0.0,25.62458467550604,-25.250546927569463,22.342090416164588,-25.378617611717488,0,24.840179238389425,0,-23.255649207395773,-24.932115056734972,-26.285728071570777,0,0,23.51709395882006,0,-24.045237829027446,24.851017406409785,24.801784629121386,23.746816126069948,-24.342303089817253,-25.054439147873943,-25.845583327202718,25.314286838060436,0,0,0,0,0,0,0,0,0,0,0,0,0,0,0,0,0,0,0,0,0,0,0,0,0,0,0,0,0,0
igcm-2,0.0,0.0,0.0,0.0,0.0,0.0,0,0,0,0.0,0,0.0,0,0,0.0,0.0,0,0.0,0,0.0,0,0.0,0.0,0,0.0,0,0,0.0,0.0,0,0.0,0.0,0,0.0,0.0,0.0,0.0,0,0.0,0.0,0.0,0.0,0.0,0.0,0,0.0,0.0,0.0,0.0,0.0,0.0,0.0,0.0,0.0,0.0,0.0,0.0,0.0,0.0,0.0,0,0.0,0,0.0,0.0,0.0,0,0,0.0,0,0.0,0.0,0.0,0.0,0.0,0.0,0.0,0.0,0,0,0,0,0,0,0,0,0,0,0,0,0,0,0,0,0,0,0,0,0,0,0,0,0,0,0,0,0,0
igcm-3,24.349741950827326,19.698100705330056,25.16335647630717,25.664824500210596,-25.216262713922713,-24.40149928737704,0,0,0,0.0,0,-25.381739583119725,0,0,25.08600527465738,-24.8968581310202,0,24.197176605627185,0,20.776982420551626,0,23.165111377884298,23.722812754300648,0,25.826628063737992,0,0,24.656111862806505,-22.240342196029808,0,25.77317030371418,-24.952685250657957,0,-24.065634469074567,25.242251654592273,-24.458215265697195,-25.097028584983384,0,-25.009057586643205,25.52868347208281,21.916146695318,-24.265377468494204,25.544380620190065,25.74976254560797,0,25.077184466581745,-26.13176258692808,-23.624708234695543,21.69007386940001,0.0,-23.411242781663454,24.818107048930138,24.249981312962777,-25.0763208552468,24.947168153560813,24.67875605522671,24.88070662366842,-25.464228971496368,-25.587790057794635,-25.893581929335355,0,21.099107564602136,0,25.250767115820757,24.498908044174698,-21.690073954471785,0,0,24.858854125618933,0,24.574665176469388,-24.921500793014943,25.656260702818383,-21.660339913853186,-21.85620718803058,-25.030688812725955,-22.549354368590524,25.242991884956943,0,0,0,0,0,0,0,0,0,0,0,0,0,0,0,0,0,0,0,0,0,0,0,0,0,0,0,0,0,0
igdb-1,0.0,0.0,0.0,0.0,0.0,0.0,0,0,0,0.0,0,0.0,0,0,0.0,0.0,0,0.0,0,0.0,0,0.0,0.0,0,0.0,0,0,0.0,0.0,0,0.0,0.0,0,0.0,0.0,0.0,0.0,0,0.0,0.0,0.0,0.0,0.0,0.0,0,0.0,0.0,0.0,0.0,0.0,0.0,0.0,0.0,0.0,0.0,0.0,0.0,0.0,0.0,0.0,0,0.0,0,0.0,0.0,0.0,0,0,0.0,0,0.0,0.0,0.0,0.0,0.0,0.0,0.0,0.0,0,0,0,0,0,0,0,0,0,0,0,0,0,0,0,0,0,0,0,0,0,0,0,0,0,0,0,0,0,0
igeg-1,25.77968534892544,-23.602901163446543,-23.630185098013015,24.223540663191926,0.0,-26.275580346147652,0,0,0,-23.083304874022584,0,-24.923230227896063,0,0,24.002904794288693,-25.06393655656135,0,-23.602901163446543,0,25.05528362579633,0,25.64727518159882,-24.4308775883232,0,-25.334817400798034,0,0,25.34412726696055,-25.85398998829544,0,24.181696084191405,-21.042135009020537,0,24.765852353018104,-24.24531199276169,-21.777803963230017,22.14465572857283,0,-25.06338311528552,25.388712461340653,0.0,-24.188994980620706,21.47430130068383,0.0,0,22.46607362979002,-25.654966676361457,-23.141996123105063,-2.491145476528677,24.42550446250429,-23.44796348198522,23.75271552724244,-24.29604834400649,23.530248398989123,19.991746090502872,-26.32015050407479,24.57566130236314,-20.121225489140482,-22.971679970392373,23.586474932655342,0,-25.91142503277983,0,24.065494658539425,-24.793103528827494,3.8094405166516734,0,0,-24.81146708027917,0,24.01840411933568,-25.50087488669885,25.289975090651378,-24.94300606147699,25.121077182764346,25.084357637305867,25.814224363324293,25.744024754338476,0,0,0,0,0,0,0,0,0,0,0,0,0,0,0,0,0,0,0,0,0,0,0,0,0,0,0,0,0,0
igeg-2,0.0,0.0,0.0,0.0,0.0,0.0,0,0,0,0.0,0,0.0,0,0,0.0,0.0,0,0.0,0,0.0,0,0.0,0.0,0,0.0,0,0,0.0,0.0,0,0.0,0.0,0,0.0,0.0,0.0,0.0,0,0.0,0.0,0.0,0.0,0.0,0.0,0,0.0,0.0,0.0,0.0,0.0,0.0,0.0,0.0,0.0,0.0,0.0,0.0,0.0,0.0,0.0,0,0.0,0,0.0,0.0,0.0,0,0,0.0,0,0.0,0.0,0.0,0.0,0.0,0.0,0.0,0.0,0,0,0,0,0,0,0,0,0,0,0,0,0,0,0,0,0,0,0,0,0,0,0,0,0,0,0,0,0,0
iglr-1,25.88862420898904,-26.27638492765842,-25.52391980539979,-25.260522454977018,25.098709253947735,-26.288143928500467,0,0,0,26.01789546500023,0,23.002391195292486,0,0,-24.31352029831503,-25.201033883501236,0,-26.373310296642646,0,-24.73968004647153,0,-25.16497482559636,-24.098905618525876,0,-26.042008127625895,0,0,24.97741001392411,26.42413540252893,0,-24.97911370985504,-26.50915650374069,0,25.169340827848735,25.518974774137156,23.73403861224739,23.57244873205349,0,-24.651368964121517,24.053245450401626,-25.430168534159048,-24.92155011540077,-24.52858111196647,-23.463024686147765,0,23.672254015690502,-26.632649648032075,24.086783945919155,22.759164525770302,-24.37213947316204,19.420019020425233,25.556150103922192,25.422733035609472,-24.552580892877987,24.26282029542827,26.848095373452143,25.841030793748544,25.144940632004836,25.093725864068492,-23.98040117508923,0,-25.437554359356888,0,-22.62936458153007,23.59321874392239,-22.759164529938946,0,0,-25.1467179801785,0,25.832346206582912,-24.58260898192988,25.1044090333431,-25.109678629340387,23.422526881704922,25.129262565606748,24.997665596423392,25.368185425870976,0,0,0,0,0,0,0,0,0,0,0,0,0,0,0,0,0,0,0,0,0,0,0,0,0,0,0,0,0,0
iglr-3,-24.324269519763213,-25.876090055624328,23.171822277651323,23.05799721147672,23.906334328523542,-22.87258081135999,0,0,0,25.46390586541633,0,-23.9193549674501,0,0,-24.04700967252313,-24.647582091179704,0,25.65935874962509,0,24.548141275792272,0,24.470996649869388,21.360742511001238,0,24.855235775385726,0,0,23.49786374375093,24.47757438698845,0,20.304732370598995,24.888365282987706,0,23.757895433615637,-23.654842772764777,-23.83627043769832,24.51135013182706,0,24.357425460561874,24.539538216501146,23.69671423852223,24.45527203204308,-24.22344870610812,24.764869742797227,0,-23.616534670661757,-25.50818946222832,-25.338611178645465,-0.8510317364135286,24.685862085341153,-23.877943391862388,24.01938110990875,21.92193893580164,23.226207787077175,24.155227035607908,-23.727546315758225,-23.879643893094443,-23.226207786920316,23.524398829484653,24.558674476237726,0,-22.97376396397916,0,-24.145443825955272,-23.057997211450235,-0.5848901680015404,0,0,22.76904980188432,0,-25.19286198269408,-24.614890812382008,0.9190453420423316,-24.169895141663865,-24.64707166522265,22.737209301315815,-23.503767020154907,1.318645590279024,0,0,0,0,0,0,0,0,0,0,0,0,0,0,0,0,0,0,0,0,0,0,0,0,0,0,0,0,0,0
lad-2,0.0,0.0,0.0,0.0,0.0,0.0,0,0,0,0.0,0,0.0,0,0,0.0,0.0,0,0.0,0,0.0,0,0.0,0.0,0,0.0,0,0,0.0,0.0,0,0.0,0.0,0,0.0,0.0,0.0,0.0,0,0.0,0.0,0.0,0.0,0.0,0.0,0,0.0,0.0,0.0,0.0,0.0,0.0,0.0,0.0,0.0,0.0,0.0,0.0,0.0,0.0,0.0,0,0.0,0,0.0,0.0,0.0,0,0,0.0,0,0.0,0.0,0.0,0.0,0.0,0.0,0.0,0.0,0,0,0,0,0,0,0,0,0,0,0,0,0,0,0,0,0,0,0,0,0,0,0,0,0,0,0,0,0,0
lat-1,24.970564664669052,25.47517989498821,-25.25986248846141,23.325038136761826,24.40390440001879,-25.27895493674828,0,0,0,25.00097890045431,0,-24.414913007788176,0,0,-23.253180243125353,-23.915227219347234,0,-20.812665337612792,0,-22.02590580999518,0,26.499755209265633,-24.816091569920648,0,24.802342100565316,0,0,-23.69148962243689,24.360297152985126,0,23.429904890519964,-25.247754775771178,0,25.23131386531908,25.186007898091113,-22.120205058331873,25.089834820890697,0,-25.79201353238707,-22.920851618273755,-24.188458235102676,-24.840396904140928,-25.488120003749362,-25.563962481358526,0,-23.725005272477215,-25.100058049182255,-24.629930232700893,-24.873127210761588,21.025709704955172,18.99384132183632,23.613209896055313,-25.678476212811262,-22.584763252273493,24.312726667383703,-25.63195132079015,24.991362832922217,-24.891836088585986,24.062572310565905,-24.651437887892524,0,-25.48084652026932,0,23.731406957471055,-25.578401606915456,24.87312721127252,0,0,25.455614877825074,0,25.34205261935065,-24.490880151855283,24.98063387022712,22.04284759439904,-25.25470726780806,25.13644333921947,-25.367660983329003,24.730380032176836,0,0,0,0,0,0,0,0,0,0,0,0,0,0,0,0,0,0,0,0,0,0,0,0,0,0,0,0,0,0
lat-2,0.0,0.0,0.0,0.0,0.0,0.0,0,0,0,0.0,0,0.0,0,0,0.0,0.0,0,0.0,0,0.0,0,0.0,0.0,0,0.0,0,0,0.0,0.0,0,0.0,0.0,0,0.0,0.0,0.0,0.0,0,0.0,0.0,0.0,0.0,0.0,0.0,0,0.0,0.0,0.0,0.0,0.0,0.0,0.0,0.0,0.0,0.0,0.0,0.0,0.0,0.0,0.0,0,0.0,0,0.0,0.0,0.0,0,0,0.0,0,0.0,0.0,0.0,0.0,0.0,0.0,0.0,0.0,0,0,0,0,0,0,0,0,0,0,0,0,0,0,0,0,0,0,0,0,0,0,0,0,0,0,0,0,0,0
let-4,0.0,0.0,0.0,0.0,0.0,0.0,0,0,0,0.0,0,0.0,0,0,0.0,0.0,0,0.0,0,0.0,0,0.0,0.0,0,0.0,0,0,0.0,0.0,0,0.0,0.0,0,0.0,0.0,0.0,0.0,0,0.0,0.0,0.0,0.0,0.0,0.0,0,0.0,0.0,0.0,0.0,0.0,0.0,0.0,0.0,0.0,0.0,0.0,0.0,0.0,0.0,0.0,0,0.0,0,0.0,0.0,0.0,0,0,0.0,0,0.0,0.0,0.0,0.0,0.0,0.0,0.0,0.0,0,0,0,0,0,0,0,0,0,0,0,0,0,0,0,0,0,0,0,0,0,0,0,0,0,0,0,0,0,0
lron-10,24.66828372886921,23.323274763309882,-24.328316292004175,24.087471293516916,-24.16985577944078,-25.230931174425297,0,0,0,-23.816887714270663,0,22.9408410500145,0,0,24.557386068517378,23.770640100496564,0,24.53581878241495,0,-24.952751190086985,0,-25.331128097611586,-23.22066912212423,0,-24.3551384358453,0,0,23.293832444459422,22.995484517999444,0,23.484330589992958,-25.711284202321536,0,23.633722305219457,-24.805658387680474,0.9780978487555041,-24.365036481848765,0,-24.69953107192064,24.1788089135354,-24.530891519991993,-21.35915542009182,24.97097465517124,25.046440392431744,0,24.616000450930642,-24.823647116301167,24.74209648472858,-0.6783013489809122,-24.352085797668654,-24.217369620311796,23.25267828419678,-25.188464831486737,-22.43444017908649,-23.834481507641822,-23.27680354204679,24.897529274481837,22.78044065270614,-24.010716687000738,-21.058134136309864,0,-24.07226608972346,0,-23.556328509382677,-23.507458780416826,1.0306989385711371,0,0,-25.57688946863679,0,24.405820337207295,-23.020944636992265,24.97974357787386,-24.63615063516607,-21.95582110763934,25.1161056635504,25.2685302912828,23.725543296588967,0,0,0,0,0,0,0,0,0,0,0,0,0,0,0,0,0,0,0,0,0,0,0,0,0,0,0,0,0,0
lron-11,-22.302159017929725,25.888435335794934,26.27541758774489,-23.75494660954012,23.869544676063768,-26.3491917830247,0,0,0,25.47028135344004,0,25.622236749934107,0,0,25.996031446101043,26.065951649746314,0,-25.11147769138691,0,-25.648994328108824,0,25.714507462983303,24.624771002615294,0,-19.41316591495049,0,0,25.27999290186417,-26.335758214445583,0,25.845306714316578,-24.176824608926808,0,24.848336132892324,24.66668501262812,-22.314986142346807,-25.639543915712608,0,24.34189687954862,23.49857169107816,-24.541751289925383,-25.086768598527886,-26.175914604056466,-26.27729454731043,0,25.973436970453193,26.2112177460604,26.141694878364582,23.08136774213455,23.16096833104282,-25.18738765855094,-26.205527072653947,25.83833609608381,-24.918561604237656,-24.809984480508454,-26.778296188708232,25.17709406156324,26.202732393515696,-26.163838967873964,25.686716664544253,0,-24.559367794259003,0,-24.978481647896018,-25.441847582184373,-23.081367742479497,0,0,25.381278538212822,0,26.406288064854103,-20.285942765517795,-26.649828729481765,-25.922487839413122,24.66668501262812,-24.475057071126177,-26.12219764615528,-25.370674537128878,0,0,0,0,0,0,0,0,0,0,0,0,0,0,0,0,0,0,0,0,0,0,0,0,0,0,0,0,0,0
lron-12,0.0,0.0,0.0,0.0,0.0,0.0,0,0,0,0.0,0,0.0,0,0,0.0,0.0,0,0.0,0,0.0,0,0.0,0.0,0,0.0,0,0,0.0,0.0,0,0.0,0.0,0,0.0,0.0,0.0,0.0,0,0.0,0.0,0.0,0.0,0.0,0.0,0,0.0,0.0,0.0,0.0,0.0,0.0,0.0,0.0,0.0,0.0,0.0,0.0,0.0,0.0,0.0,0,0.0,0,0.0,0.0,0.0,0,0,0.0,0,0.0,0.0,0.0,0.0,0.0,0.0,0.0,0.0,0,0,0,0,0,0,0,0,0,0,0,0,0,0,0,0,0,0,0,0,0,0,0,0,0,0,0,0,0,0
lron-13,22.04367572435927,-23.88187884223292,-23.626970588814252,23.97695980644941,0.19694504087172998,24.39818259727003,0,0,0,25.052843503084787,0,3.296965097132624,0,0,3.9725867697517168,24.45554891746256,0,24.870068127873356,0,-24.359582986316415,0,-24.274223829666155,-23.8157242310411,0,-22.706180746555596,0,0,-23.705035416829695,-24.0710647733629,0,3.4923476054349947,21.709876392045036,0,23.122577050862382,-22.79032875144796,3.1293613176604524,22.136441840866464,0,23.90599824387454,-24.47913840919883,24.029905871304685,1.5861338007620487,-21.283255143996907,-24.25586786786987,0,23.807606077750034,24.871667400249127,-1.1243559645911976,1.3119309183386554,-2.4452341967117532,24.301033864982553,-24.73647354859849,-24.70187668760892,23.29064426329909,-3.5613034277626894,-23.127135305431572,-22.010822922552755,-23.92522501288588,-4.08296419642182,-22.901863279038125,0,23.86373043734072,0,-23.236765690048102,-22.829589037637657,0.8394404023827039,0,0,21.283255138107112,0,23.57845422344415,22.064697600765886,-23.85223330872664,24.341286346212744,-24.935310813425684,22.198473912554082,-25.342209860695302,-23.70503541685109,0,0,0,0,0,0,0,0,0,0,0,0,0,0,0,0,0,0,0,0,0,0,0,0,0,0,0,0,0,0
lron-14,-24.13456881310207,25.259183740611043,-25.518956556011513,-26.107962092268824,-25.601167454399793,26.446874499740634,0,0,0,25.220552009865784,0,-24.119300156234736,0,0,-26.12256378295558,-25.79846734233228,0,-26.434174681315547,0,-26.36829643547628,0,-24.99812984190664,24.243142962019967,0,24.157047147793968,0,0,-25.94452532698297,26.100422262271316,0,-24.683965768188035,26.85350259441301,0,24.365529891257655,25.012961195935965,22.57604603313917,25.576447946275685,0,25.777721188804893,26.087916807583724,-25.274203946279684,-25.190197874876706,25.44621954333322,26.718102498643507,0,25.24296668455976,-26.481780106947745,-25.821789581352142,-24.384589612633263,24.701051061224753,-26.61974134384067,25.96669521290194,22.831309666573453,-23.907380961857715,26.25958838664907,24.636264201870233,24.36270495695357,-24.85419766633387,25.69099945373265,-24.488438679992484,0,21.47306016087224,0,26.67053617977479,25.915274988981068,24.38458961210338,0,0,-25.9960427685058,0,-26.374488472558966,-21.767807895217768,22.42238242741794,-26.036275782901836,25.012961195935965,-26.32196673032899,26.159677292338497,25.378527705767354,0,0,0,0,0,0,0,0,0,0,0,0,0,0,0,0,0,0,0,0,0,0,0,0,0,0,0,0,0,0
lron-15,0.0,0.0,0.0,0.0,0.0,0.0,0,0,0,0.0,0,0.0,0,0,0.0,0.0,0,0.0,0,0.0,0,0.0,0.0,0,0.0,0,0,0.0,0.0,0,0.0,0.0,0,0.0,0.0,0.0,0.0,0,0.0,0.0,0.0,0.0,0.0,0.0,0,0.0,0.0,0.0,0.0,0.0,0.0,0.0,0.0,0.0,0.0,0.0,0.0,0.0,0.0,0.0,0,0.0,0,0.0,0.0,0.0,0,0,0.0,0,0.0,0.0,0.0,0.0,0.0,0.0,0.0,0.0,0,0,0,0,0,0,0,0,0,0,0,0,0,0,0,0,0,0,0,0,0,0,0,0,0,0,0,0,0,0
lron-5,-23.611590292641075,23.978518835487414,24.167916381578834,-23.797642917126524,-23.21318714805839,-24.44496413079889,0,0,0,25.125009614341426,0,23.226207786638106,0,0,23.353862491563323,24.02902199094663,0,-22.32230428083753,0,-23.86438290616945,0,24.497369170078127,-23.757895433465414,0,-24.657615320095125,0,0,23.417617413159775,-24.08168398865153,0,-19.611585195882007,23.362669388706184,0,-19.974448138496413,23.05043012703063,23.143123257262534,-23.604721978249668,0,22.41599214356771,-23.92314160409314,24.348312084790592,-23.76212485144551,-24.809849685832116,23.34720312978733,0,24.243571474019134,-24.352927864055474,25.210964375662698,-0.577305589920857,-23.99271490516597,23.695134753008688,23.59512243275396,-23.491518914157535,-24.09072392479137,-23.462079854861543,-23.98882792969221,23.026070949490723,24.09072392477454,-22.831251648577382,-23.09107937454963,0,-22.36758435905942,0,-23.334999220385924,-21.925604936702143,0.7301389343772909,0,0,25.140132267429397,0,24.198861006046624,-23.812107483509987,-22.571975090112378,23.25279192612778,-25.483104103818594,-24.31615157790635,24.15364084385632,-0.027926706534522408,0,0,0,0,0,0,0,0,0,0,0,0,0,0,0,0,0,0,0,0,0,0,0,0,0,0,0,0,0,0
lron-6,-24.793698607826723,-22.88091645662051,-22.60115610516775,23.66764300141181,23.310374706917745,-25.099084678027655,0,0,0,0.0,0,-23.69330729639324,0,0,-23.569778298259713,23.46116971260981,0,-23.03293973767817,0,25.107312943637357,0,-23.18243289771411,-22.527267102760334,0,23.86727480922109,0,0,24.643392396724046,-25.32515529391093,0,22.67705129603364,24.725452121084288,0,22.914655868761475,-1.0307627631180085,-22.67859624194859,24.321973337090412,0,24.492452176384592,24.030439917452416,0.0,-23.675119838115243,-24.588901330041637,-24.02021865521118,0,-24.422326876474955,-22.447262910019685,-22.631647300829034,23.78238282115012,21.12683714816889,23.995448238058838,25.13172673256477,-23.726086918238117,23.000160115863885,22.98980207227608,-22.335228588377465,0.9525885130115139,21.132947272712006,23.34551369370388,22.478169437144555,0,-22.42558939015021,0,23.526231267309353,-24.175805048932244,-23.7823828211568,0,0,24.657141933272214,0,-25.177747467171613,-23.158260609285463,23.45459358630563,-23.231965492170946,25.863885690998295,-24.802729696323308,-25.576827290673585,24.706244302742427,0,0,0,0,0,0,0,0,0,0,0,0,0,0,0,0,0,0,0,0,0,0,0,0,0,0,0,0,0,0
lron-7,24.53231571047662,-25.271426037712782,-24.306879596198502,23.98379144659802,2.5819062446153644,-5.067141305736795,0,0,0,25.02686856055946,0,3.6300356451246425,0,0,4.027561805105992,24.2774187046134,0,25.96745184584706,0,-24.045971839546855,0,-24.614313848241622,-23.633113834544066,0,24.50423101211322,0,0,4.360295982801774,25.29366559191702,0,3.4730329563413758,-24.53231571197802,0,22.93996665560221,-23.917733231114656,1.9347080418732838,23.290644260833734,0,-23.613732414210464,-23.64784099436587,24.300590892451126,2.60771652733545,23.210288882261523,-25.103563053887438,0,23.602190088637293,-23.740849016670005,0.515739259903546,-1.1675651474187985,-2.600025388011183,24.007473751131553,24.332472796366808,24.372305550610857,23.983791444466146,-3.435273222263087,24.532315708048483,23.01985108391352,-23.98379144447654,-4.0098699983133805,-0.7453073892090187,0,-22.93996665535773,0,-24.24721673438519,-23.98379144671095,-1.751872538921453,0,0,-23.210288882018038,0,23.290644266127824,-24.425936925764642,-1.5535592956159383,23.36502016558281,25.99568695809811,25.385997121468776,-23.983791445243714,-1.4741593889962432,0,0,0,0,0,0,0,0,0,0,0,0,0,0,0,0,0,0,0,0,0,0,0,0,0,0,0,0,0,0
madd-4,23.562417327832613,-25.4436511084776,23.03178053785739,-23.92989354938584,-22.723034766174504,-24.512722485065645,0,0,0,-25.166831695230332,0,23.22620777685216,0,0,23.29801988944551,-23.900264579700668,0,25.656120327208942,0,21.94457746094499,0,24.936765933841635,23.322719225053874,0,-24.92489729556605,0,0,22.997669299584715,-25.865401748413415,0,-23.85525351225813,25.68847093764085,0,-23.02985971852035,25.076568129759693,-21.709568286034422,-23.646969237150227,0,23.95395109744184,22.909085196933475,-24.19402773316673,-23.954530931901086,-22.831586228706815,24.895613818457974,0,-21.412094057287092,23.17473715655115,24.90777758305401,-1.528653225256827,23.054020449267878,-23.25118565002223,24.54967982917317,22.198654377846854,-24.19676646420628,-19.180295610108075,-25.52020290286817,23.754168678423575,20.828365529579393,22.974195274278234,-23.68612676941367,0,-24.89387552025868,0,24.06625603811816,23.33666003439889,2.1526133168747337,0,0,23.647143818469228,0,-24.43673799186704,22.984541591632976,24.617298063211216,-23.501851473048934,-25.85700517172545,-22.272786857307338,25.610584402203305,24.110500524827007,0,0,0,0,0,0,0,0,0,0,0,0,0,0,0,0,0,0,0,0,0,0,0,0,0,0,0,0,0,0
mig-6,0.0,0.0,0.0,0.0,0.0,0.0,0,0,0,0.0,0,0.0,0,0,0.0,0.0,0,0.0,0,0.0,0,0.0,0.0,0,0.0,0,0,0.0,0.0,0,0.0,0.0,0,0.0,0.0,0.0,0.0,0,0.0,0.0,0.0,0.0,0.0,0.0,0,0.0,0.0,0.0,0.0,0.0,0.0,0.0,0.0,0.0,0.0,0.0,0.0,0.0,0.0,0.0,0,0.0,0,0.0,0.0,0.0,0,0,0.0,0,0.0,0.0,0.0,0.0,0.0,0.0,0.0,0.0,0,0,0,0,0,0,0,0,0,0,0,0,0,0,0,0,0,0,0,0,0,0,0,0,0,0,0,0,0,0
ncam-1,25.922774969058935,25.99865912511881,-25.158449743326894,24.116812838713454,-24.718345507563235,-25.880345262448518,0,0,0,25.274648717411946,0,23.566693650070714,0,0,23.916489114859473,-23.455815908546505,0,-24.72548756886079,0,25.93257152139607,0,-25.253293169676063,25.45082231163279,0,23.99627705095029,0,0,24.978302824775422,25.236112725479913,0,-23.850311921601172,-25.039275569231762,0,-24.680691337614814,24.732218089422776,21.368207470803284,-24.69014462858449,0,-25.011520411136512,-25.354847390094143,24.818470108890025,-23.26797030118454,25.902862010771273,25.802640537668857,0,-25.20839852937139,-24.878496590034015,-25.03445830995437,-24.564264326452182,23.613913271136628,26.097860797828723,24.14715112007841,-24.542294877641005,23.464511907180572,22.128631495768023,26.74868113813873,-22.731478555868506,-24.859794513166374,23.30802184522983,-25.285710390972188,0,21.3667617422691,0,25.068527584506338,24.730585672819824,24.5642643268754,0,0,-25.714460114176344,0,23.932200374756427,25.066415678512787,25.065810248738934,25.43875135236916,-24.321478120240332,25.776231005996703,25.612232700945157,24.313896028499286,0,0,0,0,0,0,0,0,0,0,0,0,0,0,0,0,0,0,0,0,0,0,0,0,0,0,0,0,0,0
nlg-1,25.579562090083908,25.1630023444312,24.01213571666293,20.752127925498858,-23.85276334014252,24.37746221029565,0,0,0,-25.72030034556469,0,23.838176860352654,0,0,24.77058043547644,-25.709038749024064,0,25.759327181160614,0,22.459796855750067,0,-24.996354785723213,24.56089276195218,0,-24.894858649901515,0,0,-23.985504499734798,23.75641863650994,0,-24.772027322574882,25.27351003251741,0,-24.047288117682772,24.6772681011244,21.845996651514106,-22.433892841968017,0,25.7006242511009,-23.360351434982153,24.287229212035808,24.299812652928594,-24.127659339833453,-23.155965004907582,0,-23.502103070595933,-24.85464480970763,26.01646954848976,23.324666067029355,24.75241898958688,-21.859566680318377,25.512311096819904,-25.00230501743173,23.242605186874552,24.71755219620525,24.859573612897893,-22.90881745727159,24.519281142237443,-23.178896325528452,23.616629546918826,0,-24.125026486185455,0,23.96214538815475,-25.391367946678884,-23.32466606258893,0,0,-24.727004294465246,0,-24.523925321648505,-24.88321995604651,-24.754098619141253,22.396037848365932,-25.35681780517582,25.97180036396736,26.27514022579842,22.221060822578323,0,0,0,0,0,0,0,0,0,0,0,0,0,0,0,0,0,0,0,0,0,0,0,0,0,0,0,0,0,0
nlr-1,-21.696546670475186,-22.481090172359085,-24.72937871190114,-24.724579385934096,-22.753509562104508,-23.314189167390886,0,0,0,24.252325110689895,0,-23.769308411647692,0,0,-24.00996199732352,-23.21789618862583,0,23.05788300752379,0,0.0,0,25.11801055674838,19.344476118942726,0,-22.778558735290773,0,0,-24.170526520338445,-23.372888221917194,0,-24.458023925604834,24.78495041044982,0,23.37907945944091,0.0,-24.250335011878178,23.685486485991266,0,24.331897325149423,22.933867056035766,-24.441875166802166,-24.222915764769727,23.25458817215116,0.0,0,-24.563591866039946,25.10189926198839,23.60573522987943,-24.192799754683875,24.043020299788047,-24.028633182946876,23.6875573928609,23.751030188083735,24.26017509227327,-22.6208114204246,0.0,23.59159319346062,-24.980994955342958,24.046468125806133,-23.535774236221787,0,-24.35540213256342,0,24.844699702251397,23.177553584763277,24.962210374088336,0,0,-24.919332453993615,0,23.106858813538885,24.639011168271598,-24.629393548310098,-23.348945979277612,0.0,-24.43546248023026,0.0,23.751030188083735,0,0,0,0,0,0,0,0,0,0,0,0,0,0,0,0,0,0,0,0,0,0,0,0,0,0,0,0,0,0
nrx-1,21.482125701740628,24.43331454787526,21.955266547510856,22.749108403441017,-0.41743051349432714,22.626399535744,0,0,0,-25.957303754896643,0,-1.9902516821245169,0,0,-1.562060857631527,24.741785688164587,0,-25.683392144428502,0,25.166750261363866,0,24.716685244482683,24.057824179194757,0,-25.36910095123902,0,0,-21.933252355269186,-25.158553782444596,0,-0.28559325298228105,-23.5063512841442,0,-23.364676998913147,23.388189140179914,0.6793760152708873,-23.357444747358713,0,-22.845149969368368,22.553862403643162,-20.78897852996178,-0.4423045735013315,25.07607058161247,25.686282634493097,0,-24.812440273921037,25.1977609222097,-1.0384920929254724,1.7080579274002985,-1.3912485661760372,23.58137885688605,-24.653495355543214,25.22477161472965,22.749108403322808,-0.8326692072591637,22.291221929543237,-24.081336320855918,-22.74910840364396,1.2098067364687557,-23.598135666880083,0,-23.66265161154557,0,25.246517851592415,24.050591928109764,0.2093526027684667,0,0,-25.076070581683062,0,24.19142855002872,23.66093111773514,1.2968217210910506,20.47337979925116,-25.32600248891681,-25.318293737179975,-22.749108403844367,-2.1865922173503165,0,0,0,0,0,0,0,0,0,0,0,0,0,0,0,0,0,0,0,0,0,0,0,0,0,0,0,0,0,0
oig-1,23.4219251481202,-23.786034164744965,24.78905687997563,24.33350287217343,-23.370713162580465,25.80518891248949,0,0,0,-23.94199199236782,0,22.159265466181143,0,0,23.30136380482272,-20.360111135972822,0,25.454448540052695,0,24.50922129648921,0,-25.52119943094356,23.185704841403254,0,24.815488401548443,0,0,-24.778948553813684,-23.07145451530997,0,23.379382125824133,24.929461404281923,0,-24.917433426186182,-25.200378117694314,21.92706650119094,22.421212958344427,0,24.124194639483402,23.90350897641693,25.321159213313425,24.651044771497904,24.128283453250262,18.80494376073841,0,-24.492387364127865,24.92687514195606,-23.521745846056504,23.324666067806053,23.836490550911336,-24.546042591231014,22.924059788714708,23.09324307638888,24.85710210396163,-24.98627184679644,-25.66049237920626,-25.12113578404939,23.341748851778252,-23.75818797081691,24.75918608917429,0,24.309945556724674,0,-22.11202495800915,-24.4270911434755,-23.324666062005523,0,0,-24.20224624693381,0,23.904928112656638,-23.837836494916402,-25.6465205543117,22.311033498974012,-24.106024486662736,23.091039980029617,25.700850277720402,-25.130241791729286,0,0,0,0,0,0,0,0,0,0,0,0,0,0,0,0,0,0,0,0,0,0,0,0,0,0,0,0,0,0
oig-2,-22.15593831188882,24.29562069014927,24.95044013148066,-21.165242565495312,24.39878452415581,24.105507718193138,0,0,0,24.425257096870048,0,-24.389752165466184,0,0,-23.602722364943318,-23.66462188519821,0,-24.029372178879516,0,0.0,0,23.137900232080202,-25.029383929289548,0,20.186608043676,0,0,24.578095767039816,-24.468735110893206,0,24.7516508399748,-24.58423832407578,0,-24.67436385501612,23.630427821579143,22.784359873184567,23.35492335217869,0,-24.943939057371985,25.56594791126106,0.0,24.834773735251,24.326539713333556,25.111430521754905,0,24.07148690847344,25.43625836309144,-24.237638052504447,24.818519259339908,24.323575002139087,-25.05178332918307,-25.298964182775705,-24.50483761432633,23.869708852956336,-25.674624484440077,-25.304746204342234,-24.970759981009593,24.51321962986618,-23.65234070919146,24.772280717877262,0,-22.5440147161589,0,24.475264764605402,-17.477524576136748,25.58702465686908,0,0,-24.702695158494247,0,24.393519850188675,-24.453844064633415,-24.454601701490105,-24.84552651939857,23.630427821579143,23.630427821579143,25.645512334200525,21.180629397369646,0,0,0,0,0,0,0,0,0,0,0,0,0,0,0,0,0,0,0,0,0,0,0,0,0,0,0,0,0,0
oig-3,0.0,0.0,0.0,0.0,0.0,0.0,0,0,0,0.0,0,0.0,0,0,0.0,0.0,0,0.0,0,0.0,0,0.0,0.0,0,0.0,0,0,0.0,0.0,0,0.0,0.0,0,0.0,0.0,0.0,0.0,0,0.0,0.0,0.0,0.0,0.0,0.0,0,0.0,0.0,0.0,0.0,0.0,0.0,0.0,0.0,0.0,0.0,0.0,0.0,0.0,0.0,0.0,0,0.0,0,0.0,0.0,0.0,0,0,0.0,0,0.0,0.0,0.0,0.0,0.0,0.0,0.0,0.0,0,0,0,0,0,0,0,0,0,0,0,0,0,0,0,0,0,0,0,0,0,0,0,0,0,0,0,0,0,0
oig-4,-25.00265892640282,-25.28849905311931,-24.423597647150828,22.758444920564173,-23.59091243523586,25.341548053928797,0,0,0,-23.083304874022584,0,24.33103103005439,0,0,-21.505795152159102,24.143412200407475,0,-25.22719139391035,0,-24.934562395765997,0,-25.671576916026407,23.74547082131568,0,-24.114003094347343,0,0,-24.771419837863025,25.950731059156247,0,22.21642177627604,-25.750531201598374,0,-23.84794039744929,-24.855118103428893,21.000743637457084,-23.760643373011256,0,-24.017747069613183,-24.205138454641787,23.650625730684467,-22.82394719966997,25.03294721553612,-25.493747566323766,0,-22.06146829184035,24.883791156728673,24.70076312545624,-21.93837170473638,-25.043576210009476,-23.72847857799215,-24.632394877355804,25.250184130958267,-21.988958270435322,-23.018671090762204,25.96123035927578,23.748372157670705,-23.043026869421436,-21.577770055799363,-24.02140922269103,0,25.430782576320503,0,22.814438832353684,24.524473041758824,21.938371692819135,0,0,-24.94893702348743,0,25.01387434960003,25.35732948312614,-23.137980716586522,22.671070657156907,25.15385851529173,24.172641814352986,-25.780081387255784,-25.150920591485125,0,0,0,0,0,0,0,0,0,0,0,0,0,0,0,0,0,0,0,0,0,0,0,0,0,0,0,0,0,0
oig-5,-25.23985404194218,26.297020621850073,-25.12528073574029,25.348668227095494,24.350969608175816,25.448044349010956,0,0,0,26.28525515126657,0,24.105634970393332,0,0,24.535276107494184,25.129326475255606,0,-26.582094332686836,0,-25.986185473075746,0,23.49305699044402,-25.65239540838099,0,-25.156676376433875,0,0,-24.71629313579448,25.96892381957769,0,-25.337438397636422,-25.91207329854463,0,-24.85679270375188,25.048883141510306,-22.523739083813663,-23.586684973345292,0,-24.607960717814002,-24.725127033664883,24.97469485460733,25.1768682193679,25.603206066552886,-24.275043628685438,0,25.602999057058145,-25.586074131670976,24.87867186580434,-2.0631853983199266,-23.93742915281104,24.251351372463702,-26.123197009774547,24.484256161307673,-23.41248778965002,-23.716941958698623,-24.150826818997082,22.35171584965406,-25.306066829951753,23.968562483867803,-24.940798196581866,0,23.541199274005383,0,-26.410098710676586,-24.62296144049251,2.7717582039625017,0,0,25.710159269406777,0,25.33161510323487,24.8568106344446,24.937795659367232,24.75676686281633,-25.633076018798736,25.59268030142618,26.15384187335528,-24.063251230511753,0,0,0,0,0,0,0,0,0,0,0,0,0,0,0,0,0,0,0,0,0,0,0,0,0,0,0,0,0,0
oig-8,-25.69105853479795,-25.36238725802771,-24.24196319635457,-22.037489045808528,-21.961355714734836,-23.78165742725477,0,0,0,-24.322509024616565,0,-1.2510465173362773,0,0,-1.4282558428966308,24.283726067991825,0,22.605402613519388,0,23.09733925543954,0,24.447485370793633,25.16159701226684,0,-24.827420445124314,0,0,23.088510246528077,25.244727747378676,0,-0.6400953716405169,-25.81264741842171,0,24.366808969142188,21.76130327249534,-0.7213758246108641,-24.44288585587998,0,-24.69966901225427,-25.17919203962182,24.63955962537675,1.1022189052421902,25.26922343134717,25.451275981731953,0,22.43759054648058,24.807798264263464,0.7183814729891135,-1.5035839075174566,-2.0999103024453434,25.50490798579671,-25.092337163580897,23.298549794079335,1.0621081302410147,0.5910060618693702,20.182233438981093,-22.454450452850004,-25.046728685127228,1.3391267726463707,-24.3967216565285,0,25.42465946015389,0,23.860839751744493,25.136033036469417,-24.1243880565591,0,0,-25.269223431354117,0,-24.31530169621575,25.60512177587378,25.719074446392078,24.928292325283337,-23.64915590925731,-24.87368712465424,-25.152436146642774,-25.35017964538518,0,0,0,0,0,0,0,0,0,0,0,0,0,0,0,0,0,0,0,0,0,0,0,0,0,0,0,0,0,0
pan-1,-25.14860163455452,-23.511978143486374,22.41336586618875,-2.7790679309014203,-1.599143406148425,-2.6480424162854255,0,0,0,-24.848151956019233,0,-2.1689351107487664,0,0,-2.711648354579821,25.03124978908129,0,-24.801788655791103,0,4.85745261247222,0,-23.850041618332643,3.160116066011067,0,25.616927646628625,0,0,-3.8564506779867873,-23.825168176476087,0,-2.049651432362029,25.148601634645566,0,-3.6382613339345298,25.023531271457298,-2.5439454943971582,2.9252893111890925,0,25.389918658283634,-23.799660222200984,-24.75669687862239,-1.4861082113957225,-23.79966022358764,-25.575462448824332,0,22.413365846385098,0.21291070985555327,-1.573143790318081,1.4823571401743105,3.2451390819233144,23.917443259374128,24.222202722702843,23.88234630393279,0.1730573816767503,1.7803146667751553,23.15689444542598,-22.413365869513328,-1.4569056427333678,2.8427431299824963,-0.31583133256699625,0,23.156894431403092,0,-23.10651303573876,2.7217538895086593,2.0365342318015984,0,0,23.79966022361792,0,-25.84509562916848,-23.695228239581404,-0.046443371961868575,23.799660223370108,-25.160720135403476,-4.75250241096731,1.5749668879579861,1.8732776691074404,0,0,0,0,0,0,0,0,0,0,0,0,0,0,0,0,0,0,0,0,0,0,0,0,0,0,0,0,0,0
ptp-3,-24.425869202026217,25.193375206024104,24.1891653024808,-22.67373034492452,1.2721055304506927,25.13619369019987,0,0,0,-25.314319197356713,0,-1.7512356587752762,0,0,22.012294315430395,25.18455846966708,0,0.0,0,-23.701542620390075,0,-25.141855935628605,22.673730344942598,0,25.095769068655816,0,0,-24.443046509648337,-24.423526821509576,0,-0.4010899479086948,24.232046415236464,0,-21.980583163529456,23.496018121811904,1.9915120919538236,-22.916020998229982,0,-24.513429015627096,-25.140098820686344,23.732722021641006,0.48180658709493895,-24.923047801591622,-24.713365835771125,0,23.06543784871807,24.770805377581055,1.3542931841145889,-2.045208977352397,-1.7627779675990538,24.776455135256374,25.716124545642558,0.0,1.7558433408792928,-1.0609640410369423,-26.36335052963464,-24.189165302389696,23.93101252678809,-21.319147133502373,-21.319147128821044,0,25.2367205588884,0,-23.553639558437375,23.089877958800564,1.0894302478096642,0,0,24.923047801733404,0,-22.2247033185103,-22.434898937118362,23.689642081830343,25.161099893726213,25.282593798973014,-25.856528691533605,24.618875421971694,-24.443046509653644,0,0,0,0,0,0,0,0,0,0,0,0,0,0,0,0,0,0,0,0,0,0,0,0,0,0,0,0,0,0
ptp-4,-25.353873520591595,-24.387479458703453,-24.910340576960714,24.09661505558716,22.283643828672314,-25.64025324648719,0,0,0,24.954959795781086,0,-24.21488635930308,0,0,-24.059628034507387,25.740228918275776,0,-24.387479458703453,0,-24.33229638027335,0,23.858440331219246,-24.791147475258853,0,24.029205611757504,0,0,24.505162404071594,-25.057178683910227,0,25.221040648930497,-25.79212026893154,0,24.353376429596416,-25.43474442674453,-22.59966713129812,-23.928155698593155,0,-25.9869838529853,25.101172413826195,-25.199099237376263,-24.867425451958784,25.400687477563878,25.484845637258314,0,24.296841538422257,20.827736451454886,-25.928479374707823,-23.442449103156548,-25.249224676771963,-24.74192526087452,-25.47428654576313,-25.0806266392634,-22.828555754284505,-25.325789925894057,-25.999812068096073,24.965766960812275,-24.631355895827436,-22.147361330521086,-23.65000946233841,0,-24.196488633533225,0,-23.981711648998477,25.442379229879318,23.442449099520278,0,0,-24.722535198571826,0,24.56128816687276,24.942671194787604,25.646201963213507,-24.90821933492183,-24.604775720019315,-25.254667679816688,-24.950203043931218,23.80098460973033,0,0,0,0,0,0,0,0,0,0,0,0,0,0,0,0,0,0,0,0,0,0,0,0,0,0,0,0,0,0
pxn-1,-23.88236408377201,24.720014479525663,25.50845222624377,-22.938412198663464,25.111241505212913,-23.498828489332112,0,0,0,25.696071871273084,0,25.167132034668413,0,0,24.979820857845695,-25.49412769240294,0,21.050889688865222,0,-24.77230500000682,0,25.02993725945938,-22.705464308726235,0,-22.368522749676174,0,0,24.090430171376457,-25.407153308986807,0,25.111241505212913,25.559268087356987,0,-24.06782170152819,-23.068445138734273,-23.886030177310975,-24.786804152113753,0,-25.30936255875645,-23.820520349964152,-25.535105990055442,24.656721860274168,-20.67430886460198,24.600250328965437,0,25.348609117688543,24.75404801971729,25.150051886998142,-23.574675541166425,24.51116836389576,-21.245251854271313,24.708486641077624,-24.74855648263125,-25.397995329891202,0.0,-26.2579445289181,-24.325269375189038,-22.599349593761147,-25.08835778965262,23.736924741919715,0,23.133334955179404,0,24.187722641796864,-20.85207556032596,23.57467553827913,0,0,25.1564117615826,0,-25.114513402470784,-24.81352282239768,25.371556491048807,-24.61083734238112,-25.37314513309949,-25.43824405212183,25.006392200377768,23.341078076761402,0,0,0,0,0,0,0,0,0,0,0,0,0,0,0,0,0,0,0,0,0,0,0,0,0,0,0,0,0,0
pxn-2,-23.944352120537637,24.208631478846353,25.204886026327472,-25.834874500980565,23.863788037782506,24.773581214081084,0,0,0,0.0,0,-23.545376366100218,0,0,-25.321041920495126,-25.590005311580146,0,24.249981312962777,0,21.470129601111573,0,-25.73205152785665,22.32860015591142,0,23.74701618980572,0,0,23.882862974751973,25.927369564695912,0,-24.75309843454468,-22.464109992340475,0,24.51790129571511,25.93539883515222,25.144451002947843,23.839614430882484,0,-25.555873773544022,-24.76766019786514,22.609293875877945,-24.24102498266391,-25.28530144895384,-24.327030288566384,0,22.46978962804827,-25.284678956927138,-24.31785541525549,-20.56760994047508,0.0,-24.1043899622234,24.660739079357377,24.94312849352272,24.940908607310227,0.0,-25.842963245704794,-25.04456455489809,25.97595713496272,25.171378958411672,24.661109943655685,0,-25.312083906231827,0,-25.986829132427605,24.974672952121878,-22.32656222774328,0,0,25.75588165479194,0,25.302935789765776,25.12545497708136,-25.20537564752993,24.667908803775994,-22.549354368590524,0.0,-23.24250154915047,-24.553186745646695,0,0,0,0,0,0,0,0,0,0,0,0,0,0,0,0,0,0,0,0,0,0,0,0,0,0,0,0,0,0
rig-1,-23.756401054452205,-24.779280248909227,-23.716290872798258,20.76986434044081,1.3739395586456118,-24.665275549949637,0,0,0,25.04229589855899,0,-1.975583629017829,0,0,-21.676219924120574,-25.44717385261639,0,21.608439658304153,0,23.02664313162999,0,-21.703127513261904,-20.769864339047967,0,-22.93730048886243,0,0,23.74222772030982,24.39382886696825,0,-21.709568271877643,24.222941808253573,0,-23.447172150868997,-22.266985586390824,-22.402715449363985,-22.90286809854888,0,-21.700424195574065,24.22359895638911,24.2364379366737,-23.952247391987665,24.488925607936903,24.46575007247991,0,-22.15664240423133,-25.393280911134873,1.3969207601126152,-2.2886077053760125,-1.8585182703294978,-23.576191176417325,-23.680498089067772,24.842111660930506,1.8228088301187506,-23.85799555099786,-24.772782739925738,23.716290872814273,-21.297580737033815,23.532966294249757,-22.880707295923,0,-24.14163761883568,0,-23.003827857287394,24.063824612141907,0.4126717438318559,0,0,-22.380230627165776,0,-22.936890325625534,24.054527593146464,23.116391075320344,-23.96220372707115,-25.84564754602931,26.10435588086893,25.566273684361207,23.972128369270703,0,0,0,0,0,0,0,0,0,0,0,0,0,0,0,0,0,0,0,0,0,0,0,0,0,0,0,0,0,0
rig-3,-25.261630838864498,-25.848675338655767,24.71567329307181,-24.710383187575154,-1.9409137517875394,23.907688387467534,0,0,0,-24.80362323222573,0,-3.3934362538717906,0,0,-3.7374999066211667,-23.49950134381723,0,25.14519505665382,0,23.45752792003279,0,24.88017682557974,24.556730117847113,0,25.13351742085009,0,0,-23.214541207267647,-23.35545800112426,0,-3.521386346657681,25.10032453985111,0,-23.863582937762867,22.307053170056427,-3.0469914019755064,21.93755934305649,0,-23.612126534717255,25.2292677654565,-23.668494864053574,-2.924863946946641,-24.73898942273352,-24.214997814590156,0,-24.33837427026695,21.95357457629636,1.5158082388857188,-2.819843268683044,2.591653954511655,-25.66067517566778,0.0,0.0,-23.98503074599176,3.5578963878154224,-24.55078065274102,22.993361781858525,23.695501294328594,4.109248045034366,24.35477985309979,0,23.377862403273582,0,-23.489405012826953,-22.63070650828951,2.6988589204764217,0,0,24.738989422891162,0,-25.064458585334275,21.73561076871052,23.89317989030418,-25.092757170920365,23.24299793057793,-25.691163935616604,25.362116460416118,-23.21454120718148,0,0,0,0,0,0,0,0,0,0,0,0,0,0,0,0,0,0,0,0,0,0,0,0,0,0,0,0,0,0
rig-4,25.26447663566248,-25.890306211032723,25.01550646301032,25.553941777610383,24.99944207902759,25.78157164483163,0,0,0,24.661989571292658,0,-24.279940880354424,0,0,25.424513264313347,0.0,0,-26.059406646766988,0,26.521383240420363,0,-25.52068954099626,-24.159197933513575,0,24.575849244472174,0,0,-23.735370940713988,26.166171790842466,0,24.56305734605874,-26.0859859781731,0,-24.643409830778523,-25.259194555879127,-22.57604605087001,-24.696475087423096,0,-25.920424007756154,22.438550235494848,0.0,25.751192540727956,25.620406974259964,-26.469290177977527,0,-26.40706891943637,-24.84657630077868,24.02952104085355,-22.066017347697322,25.256905972857957,-22.854522513678752,-23.280350894701154,24.027997745950362,21.87086730274573,-25.59209591761193,-25.62193124733516,-25.461869626464654,24.681941766684236,-24.925851414508344,-23.328846040179997,0,-24.69811663861335,0,23.48724193964587,-25.40058553739981,22.066017350467188,0,0,-25.342834891254693,0,-24.872974972398993,23.301682534927245,26.070352885037856,24.724984571738528,-25.259194555879127,-25.519615148078923,-24.285152365395067,-23.72932795199085,0,0,0,0,0,0,0,0,0,0,0,0,0,0,0,0,0,0,0,0,0,0,0,0,0,0,0,0,0,0
rig-5,-23.74544474753146,25.088251908610353,23.96020285645724,-23.762035104712435,-24.00352188752041,25.674269457463645,0,0,0,-24.258923544006677,0,24.386454477001834,0,0,23.80854331956109,24.628788530303268,0,-25.586006212916097,0,-25.473265118030525,0,-25.510198545794605,23.5044337572412,0,24.452339709299764,0,0,-24.95698146979974,-22.880395760385476,0,-23.738875093305104,-22.96466415179706,0,-23.71349854546995,-0.5073154802406884,21.162070395310685,-23.6585364394326,0,24.492070656416058,-24.119936246330596,22.948118600716146,24.368267018599056,-23.368182245409955,-25.183587536455004,0,24.52827898652781,24.589996447099253,23.324794481457946,21.938371707192115,-21.81998432867093,-24.671357543236255,24.60825234949452,25.209022754754667,-23.591553496646842,-23.288294884184864,25.354824731965817,-0.03970931517524697,23.59098368454475,-23.428085086706126,23.449679974605687,0,24.873917966138585,0,-24.865143517635513,-22.757282263102184,-21.938371706761902,0,0,22.71661835129869,0,-23.47286271522756,24.027547777661006,-24.089135706457906,20.529920855858208,25.18591777416854,-24.94433226388259,-23.30766367643183,-25.28050790731777,0,0,0,0,0,0,0,0,0,0,0,0,0,0,0,0,0,0,0,0,0,0,0,0,0,0,0,0,0,0
rig-6,24.962467961725235,24.555714602144473,-23.309780344434664,-22.616575977297707,-23.692472163523213,24.63561448063406,0,0,0,-25.693432057894004,0,23.904696781294753,0,0,-24.53795900152407,25.24077857957984,0,26.720922258478968,0,-23.317399584072174,0,-25.736191985798932,20.769864342742885,0,25.06337422114027,0,0,-23.700253704598097,23.763374647796045,0,-22.282369953877918,-24.241914318663632,0,23.44717215123186,24.967667838400097,22.402715449693684,24.71229017440867,0,-23.960888451429756,-24.805917948870853,-23.965838556669116,23.95224739205817,-24.95436784097511,-25.06619746013216,0,22.863316716058616,25.022293405389046,24.583735335200544,2.139306525894856,23.50459943800087,24.835108359919662,26.069377892071866,-26.489031736381143,22.570757779838306,24.849356680898907,25.493081516382322,-23.725130509818467,-22.242335899872725,-22.263876602743295,22.43968198110541,0,24.921044656614594,0,24.359645622469305,-23.843040825066613,-1.0744790085544513,0,0,22.683411090951818,0,22.197455762835723,-25.269271401682868,-23.11639107545069,24.041135304931814,24.967667838400097,25.530986631083582,-25.569226639935994,-23.972128369316223,0,0,0,0,0,0,0,0,0,0,0,0,0,0,0,0,0,0,0,0,0,0,0,0,0,0,0,0,0,0
sax-3,24.244342012011735,25.00416393104488,22.709810460001545,-21.952271241464956,-1.470015439562776,-25.308647897155392,0,0,0,24.74885073246179,0,-3.830049189369357,0,0,-4.782173256336092,-25.324331982422137,0,-25.268595246661313,0,23.820237623512018,0,24.71111058372555,-21.831548091316616,0,-22.074123720160426,0,0,24.61550071661724,24.069633199635224,0,-4.215208569553872,24.34907019858305,0,21.13840090618804,23.23496868842166,-3.875507260917404,21.059217397793322,0,-22.53975778789978,23.75446465695218,-24.498076838345657,-1.531266849966566,-23.913928623387786,-21.514758076160625,0,23.26385294697722,-25.765608955082786,1.1294178551801248,-2.0906792026267658,23.224224841244446,23.069938710257183,24.16946063737737,-23.51156971502663,-23.634772807203472,4.458429859202732,-24.591474340300124,23.37667457454509,23.613049415749124,4.76470187002173,21.857304901728384,0,-24.595113653217453,0,-23.299060791946832,-21.752364470243943,0.24221109309067812,0,0,23.913928624038714,0,-24.20170388277935,-23.00650764399936,24.506372362872305,-23.790357720805382,-24.54818757783469,25.47443773100338,25.506604708791556,24.540620023346445,0,0,0,0,0,0,0,0,0,0,0,0,0,0,0,0,0,0,0,0,0,0,0,0,0,0,0,0,0,0
sax-7,-23.19770158390448,23.62462659244721,-22.526674066419734,22.21183815363278,-23.706837439289277,-24.929994103149397,0,0,0,-23.509510181020822,0,-3.686204638221078,0,0,23.00409591273295,-23.388031964756593,0,24.172757064801335,0,24.780627954764217,0,24.35046298969385,23.93292885537258,0,-25.147366750901853,0,0,23.917851050393867,24.585817735152787,0,-23.472311217934713,-23.054940031288673,0,19.75416906299835,23.850768951557864,0.9136665948147189,-22.22093885914823,0,24.09405827788122,23.622160324361243,23.965309535546854,-23.263662085918394,23.515257561648998,24.9023198026584,0,-24.30149420039346,-24.91576620601433,24.886319650879276,-0.4767320033701621,23.22422484093713,22.653718105787707,-25.806012778891382,-24.588349992846815,-23.102995802243928,24.307320388921895,25.17250351943209,23.170533152909744,20.064632594928565,22.98744934426918,-23.5296707818136,0,21.86719132802807,0,24.613332709588597,-23.086668805679377,0.811260241982318,0,0,-23.91011358355049,0,-23.377862643669634,22.27788708057568,23.853486885562912,-23.632556251878054,-25.460140841448546,-22.977778389770144,24.30045561808677,24.231375287603438,0,0,0,0,0,0,0,0,0,0,0,0,0,0,0,0,0,0,0,0,0,0,0,0,0,0,0,0,0,0
slt-1,0.0,0.0,0.0,0.0,0.0,0.0,0,0,0,0.0,0,0.0,0,0,0.0,0.0,0,0.0,0,0.0,0,0.0,0.0,0,0.0,0,0,0.0,0.0,0,0.0,0.0,0,0.0,0.0,0.0,0.0,0,0.0,0.0,0.0,0.0,0.0,0.0,0,0.0,0.0,0.0,0.0,0.0,0.0,0.0,0.0,0.0,0.0,0.0,0.0,0.0,0.0,0.0,0,0.0,0,0.0,0.0,0.0,0,0,0.0,0,0.0,0.0,0.0,0.0,0.0,0.0,0.0,0.0,0,0,0,0,0,0,0,0,0,0,0,0,0,0,0,0,0,0,0,0,0,0,0,0,0,0,0,0,0,0
syg-1,-25.490179186989554,25.285852468049566,-24.653161584727282,25.303071653398717,-23.974937437807704,24.115327598371863,0,0,0,-26.087925016704027,0,-25.437300084351943,0,0,-24.51968910829277,25.651867219820687,0,-25.51899019565887,0,25.82357582248565,0,26.00436304727464,24.110076995813145,0,25.263263803715372,0,0,21.126718255458382,-25.739765717060617,0,24.261089164418973,26.063054904054038,0,-22.088384778698,-22.425047374752516,-23.143123258452903,24.83644196108857,0,24.80912610142052,25.573306313593864,20.971462956775273,-23.692091384240374,25.135936830503745,23.220448093746022,0,-25.625542539969526,25.92805953077744,-26.696302629862693,-22.066017347408543,24.5472099770757,-25.03718243954625,-26.147989223387743,25.645456279685433,25.265573938034972,-24.567565057304538,-25.78782691644234,-24.515163943449334,-25.54322819558731,23.733565306219155,23.546045182731568,0,23.8810049150398,0,-21.878650013078257,-23.81220476767908,22.0660173470888,0,0,22.971928187377536,0,-25.952659346300315,23.288294327256022,23.674155065962626,-23.382573126308465,26.029556837577136,24.365050360805547,-25.966863052858063,22.033143886863204,0,0,0,0,0,0,0,0,0,0,0,0,0,0,0,0,0,0,0,0,0,0,0,0,0,0,0,0,0,0
syg-2,0.0,0.0,0.0,0.0,0.0,0.0,0,0,0,0.0,0,0.0,0,0,0.0,0.0,0,0.0,0,0.0,0,0.0,0.0,0,0.0,0,0,0.0,0.0,0,0.0,0.0,0,0.0,0.0,0.0,0.0,0,0.0,0.0,0.0,0.0,0.0,0.0,0,0.0,0.0,0.0,0.0,0.0,0.0,0.0,0.0,0.0,0.0,0.0,0.0,0.0,0.0,0.0,0,0.0,0,0.0,0.0,0.0,0,0,0.0,0,0.0,0.0,0.0,0.0,0.0,0.0,0.0,0.0,0,0,0,0,0,0,0,0,0,0,0,0,0,0,0,0,0,0,0,0,0,0,0,0,0,0,0,0,0,0
ten-1,25.63138366707399,-25.369731334446215,23.71024837914177,-22.436003663095942,-0.799098513624667,23.60199139877388,0,0,0,24.30733057601512,0,-24.621804168582237,0,0,20.58156906164461,19.271761626094758,0,24.131943029392197,0,23.039951776466204,0,25.46237764137309,22.286740652717974,0,25.059526626009156,0,0,-22.01946554310403,-25.19851942344512,0,23.40206092352892,-25.26048518504019,0,24.251209209769875,22.80808312270026,22.444899453256436,23.52178278515928,0,-24.271040042903454,-24.624683488197327,-23.205541160002106,-23.977009422974877,-25.464857169363054,-24.239369179162438,0,20.484969526500226,21.897091754269866,25.19985836479818,22.631518886966262,23.928656987956668,24.709659071772915,24.905115872631022,-24.09029919613799,24.125772134946924,20.06213744525159,-23.378521386566117,-23.71024837924556,-23.71345054067871,-22.355032861362773,23.3526325750148,0,-24.625267688042115,0,-1.9977272957494718,-24.41638580812569,-22.631518877427517,0,0,24.980992423427836,0,-23.828239395225346,-25.485403282594103,24.01734432747435,25.127248371364026,25.847328155278767,24.29685891341862,25.113790020846572,-22.432574664379455,0,0,0,0,0,0,0,0,0,0,0,0,0,0,0,0,0,0,0,0,0,0,0,0,0,0,0,0,0,0
tol-1,-23.240075137715746,24.620060166892856,24.018016882209878,25.010396965959753,23.416181945572013,-25.156412119698544,0,0,0,25.88765835017144,0,-23.91935496225612,0,0,-23.99116708187799,-23.184417240174252,0,-25.624947983250266,0,25.588337218959946,0,25.060015354500596,21.80147224891008,0,25.59502012741803,0,0,24.92625666624506,25.93283499247389,0,24.548400688896223,-24.696343945740907,0,22.363088361318006,-25.296844701361696,22.402715441977847,24.867783619678477,0,-25.09232316549969,24.23304538808045,-24.69919726150218,24.64767811198142,-25.159767648976356,-25.789309685218402,0,-24.54217362192682,-25.674868880844045,-25.60092476359659,-0.6444092763774755,24.06277679911236,24.339561825641628,21.838766800395653,-25.416816922064857,24.194895989994134,19.873443373790803,-23.784824655950185,-24.46159754159806,-24.151050822601224,-23.66734243869064,24.69148956681083,0,24.463529512085024,0,-24.412384570071378,-25.09302550008126,1.894519203185824,0,0,24.8777806380912,0,-24.475456803175504,-24.862311650858903,24.24378134446699,-23.17265310910952,25.229945512843095,-22.28266651535327,-24.025528198136527,23.705035416780124,0,0,0,0,0,0,0,0,0,0,0,0,0,0,0,0,0,0,0,0,0,0,0,0,0,0,0,0,0,0
unc-40,25.148601634744082,24.798722885831154,-22.413365865958244,2.8717429612479157,-24.475526483928075,1.9057477433462888,0,0,0,-23.975095072264555,0,2.72998399386179,0,0,3.2915870351737437,23.31823016152507,0,24.801788655785376,0,-4.8786722626539865,0,23.85004161743899,-3.433437490904567,0,-25.616927646646637,0,0,3.908269019790723,23.825168176393547,0,2.3779174870076525,-25.1486016348556,0,3.297801622972709,-25.023531271441545,2.0619050977012034,-3.0789470594968287,0,-25.389918658251766,23.799660222311093,-21.35305425426901,0.6066738778874761,23.79966022407019,-25.51915314213055,0,-22.413365845468547,-2.287266021349934,25.197168623363552,-1.0733894197533527,-1.7891487186014694,-23.91744325933553,-24.22220272260195,-24.526758640377317,-1.4197332101434634,-2.123046829652956,-23.15689443998626,22.41336586944563,1.951864025594785,-3.1182053570895514,1.6139647446582752,0,-23.15689443094373,0,23.106513035089364,-2.7495243266887712,-1.1101925205282108,0,0,-23.799660223439684,0,25.8450956291315,23.695228239247186,1.1729501607292019,-23.799660223625178,-24.870384417950216,4.756751387984757,25.0260523286053,-1.2620148201876344,0,0,0,0,0,0,0,0,0,0,0,0,0,0,0,0,0,0,0,0,0,0,0,0,0,0,0,0,0,0
unc-5,0.0,0.0,0.0,0.0,0.0,0.0,0,0,0,0.0,0,0.0,0,0,0.0,0.0,0,0.0,0,0.0,0,0.0,0.0,0,0.0,0,0,0.0,0.0,0,0.0,0.0,0,0.0,0.0,0.0,0.0,0,0.0,0.0,0.0,0.0,0.0,0.0,0,0.0,0.0,0.0,0.0,0.0,0.0,0.0,0.0,0.0,0.0,0.0,0.0,0.0,0.0,0.0,0,0.0,0,0.0,0.0,0.0,0,0,0.0,0,0.0,0.0,0.0,0.0,0.0,0.0,0.0,0.0,0,0,0,0,0,0,0,0,0,0,0,0,0,0,0,0,0,0,0,0,0,0,0,0,0,0,0,0,0,0
unc-52,0.0,0.0,0.0,0.0,0.0,0.0,0,0,0,0.0,0,0.0,0,0,0.0,0.0,0,0.0,0,0.0,0,0.0,0.0,0,0.0,0,0,0.0,0.0,0,0.0,0.0,0,0.0,0.0,0.0,0.0,0,0.0,0.0,0.0,0.0,0.0,0.0,0,0.0,0.0,0.0,0.0,0.0,0.0,0.0,0.0,0.0,0.0,0.0,0.0,0.0,0.0,0.0,0,0.0,0,0.0,0.0,0.0,0,0,0.0,0,0.0,0.0,0.0,0.0,0.0,0.0,0.0,0.0,0,0,0,0,0,0,0,0,0,0,0,0,0,0,0,0,0,0,0,0,0,0,0,0,0,0,0,0,0,0
unc-6,-23.140079103725494,-26.0168134683754,-24.802986025012142,-23.613636673152893,23.485959743423702,-26.08422512334267,0,0,0,25.526636973407214,0,-22.159265466344664,0,0,-23.301363805002577,23.34464993418854,0,-24.93229775991847,0,-24.5175693113907,0,24.02882096617521,-25.20375669134779,0,-24.489973019943246,0,0,25.149875540014424,-23.66679814785157,0,-23.379382125869625,26.142605039639754,0,24.752955031389927,25.1842007855097,-21.9270665004574,23.86501705816598,0,23.97625776744986,23.31385888283821,-24.656542835330026,-24.65104477147547,-24.800426749746933,-24.810272050642112,0,24.92512747741625,23.137143300525953,23.521745846086723,-23.324666067715768,-23.83649055093758,24.18426573150712,24.420797919950633,24.862518776189603,-24.536639287697163,24.98627184680743,-25.881620801000565,25.155287012502495,22.65419539155617,23.758187970818383,-24.34694816443407,0,-24.957364504294222,0,-22.740043131069985,-23.533381754249003,23.32466606235546,0,0,24.83887610531146,0,-22.418791716011867,-23.0711963925863,24.443572695915744,-24.341066704563282,24.154633347235464,-24.41815633849707,-25.21722729022929,25.825362989168998,0,0,0,0,0,0,0,0,0,0,0,0,0,0,0,0,0,0,0,0,0,0,0,0,0,0,0,0,0,0
ver-3,0.0,0.0,0.0,0.0,0.0,0.0,0,0,0,0.0,0,0.0,0,0,0.0,0.0,0,0.0,0,0.0,0,0.0,0.0,0,0.0,0,0,0.0,0.0,0,0.0,0.0,0,0.0,0.0,0.0,0.0,0,0.0,0.0,0.0,0.0,0.0,0.0,0,0.0,0.0,0.0,0.0,0.0,0.0,0.0,0.0,0.0,0.0,0.0,0.0,0.0,0.0,0.0,0,0.0,0,0.0,0.0,0.0,0,0,0.0,0,0.0,0.0,0.0,0.0,0.0,0.0,0.0,0.0,0,0,0,0,0,0,0,0,0,0,0,0,0,0,0,0,0,0,0,0,0,0,0,0,0,0,0,0,0,0
wrk-1,-25.513589332101688,26.139988409060997,25.30218886713485,-24.252592503748847,25.23430810556766,25.959769414397243,0,0,0,-25.527348511334537,0,-24.47429101840096,0,0,-24.100367909949245,-23.26287555180161,0,-26.038560645186298,0,-24.09853800123406,0,-25.58202103757906,-24.999247290375095,0,-24.323745535012282,0,0,-23.391397561740447,-24.627983311175598,0,22.31724911727645,-25.517882415197732,0,-22.58218276403577,-24.514025831517298,-21.70956826161319,21.86975302794323,0,24.216567701946225,25.587404310990692,23.183620909221652,24.958229024647185,24.357869504333234,25.236125897072323,0,23.275310803034355,25.559925673444102,22.357133961352634,25.039605365649532,23.31019318078498,-25.7808225812686,-24.578232729296534,24.94305438111027,23.024964781189624,-25.235191068694434,-24.747028501713192,-25.074921842085292,24.800176427644864,20.8338467316098,25.10912023977448,0,25.492315725227108,0,-24.69817390654071,24.729846471006447,-25.03960536578764,0,0,23.92948456476229,0,20.64772008097121,-24.772549935112743,-25.33326553236017,-25.151533963069827,-26.136537273365104,24.64582017205658,-24.305694584176692,-24.609245556353645,0,0,0,0,0,0,0,0,0,0,0,0,0,0,0,0,0,0,0,0,0,0,0,0,0,0,0,0,0,0
Y37E11AL.6,-25.595673520481856,-25.308663394667477,23.36203313334367,24.774815922291232,23.56517144866009,25.591945092362273,0,0,0,25.478091468385475,0,23.163021937949182,0,0,-22.83761822537519,25.173245254969935,0,-24.282067904532564,0,23.828342249379016,0,24.901131576865435,23.629146725301393,0,-25.080826915434514,0,0,-24.27646897490125,-25.38349349338056,0,-23.439625356092858,23.821894307033574,0,-23.572720947921567,-24.313087141698972,22.35145457989989,23.93141830607271,0,25.554134301536727,24.785154172978487,-24.785167961102886,24.302407843947087,24.759193251998262,24.027565246212763,0,-24.651474614468043,25.565926075916046,-25.694474266622805,22.907691347461544,24.08180171558176,-25.21351930465754,-25.72937216874755,24.22715378464327,24.770843849512783,-24.85094896437561,-25.389269103742908,-24.322480536427914,-24.5028392489685,-22.542766957497264,24.71596929066884,0,24.724993931995108,0,-24.641902467096795,-24.360665064390155,-22.90769134871625,0,0,-23.523886991519557,0,-24.64237583795201,24.899191594817566,-25.16634619740498,-24.83274446702393,-25.480948841075815,-25.39477381147855,-25.598353631999284,-24.86862252839961,0,0,0,0,0,0,0,0,0,0,0,0,0,0,0,0,0,0,0,0,0,0,0,0,0,0,0,0,0,0
zig-1,-25.75659613744712,25.719885812271116,24.131465912492622,-23.330412101325425,-24.350969607985046,-24.75339366815357,0,0,0,25.46486288564017,0,24.973341790392674,0,0,20.699395554139933,24.593063003186742,0,22.90197835333425,0,-25.573510974494578,0,25.32209856264804,-0.1459883384959492,0,23.590546873165234,0,0,22.328669848449984,-24.62499503801497,0,23.653803795382608,25.75021245677547,0,20.71136062911523,-25.108962577098378,0.3289289661549626,-22.77180495397748,0,25.102400759965978,-24.26405876900924,-24.97611858458477,0.5291530518619689,-25.342483652382736,-26.05766119961256,0,25.420079471083042,-25.151729620479422,-23.359655318343933,-0.9053039449793931,-24.757456491037917,20.91763234921795,23.921697080798303,-25.822586110102023,-24.28019460984373,24.208661020673592,-26.079797788397684,24.558588372729034,24.28019460996402,-24.294025240651003,24.436242717751814,0,-23.87702991924489,0,-25.068940228158116,23.330412101243336,-2.8362412153560332,0,0,24.41467582009496,0,-24.822771728741007,25.004139616952354,-2.1829795472022155,-24.309851181225454,-23.08851090498105,-26.211329507753383,24.946953140689335,-2.8773581666429595,0,0,0,0,0,0,0,0,0,0,0,0,0,0,0,0,0,0,0,0,0,0,0,0,0,0,0,0,0,0
zig-10,-25.05856672300454,25.373411840608636,-24.837520962114837,23.198485713269637,24.086853139102033,-25.51916610094547,0,0,0,25.771065778874675,0,-24.078091792434805,0,0,-24.885028423143797,22.10814556052927,0,24.953638157105576,0,23.75252390483846,0,25.223904197691752,-24.36384651310339,0,25.273854797151724,0,0,24.975069879176388,25.54162593409716,0,24.77489279354838,-25.69188352626231,0,24.092490711229097,-24.922450908008514,-22.886055756806517,23.464121781034166,0,-25.783557284906806,24.09967564689942,-24.5629153197897,-23.95443279185503,24.839386792276883,-22.74276380023419,0,23.56831516997399,-25.6082240806075,-26.218128807061685,-23.324666068006074,-24.485973263102302,24.203914284346002,-25.588528121054537,-25.56973519501925,21.45657776492692,-24.563852364993537,-24.708135335419424,23.842204135175628,-24.10316164260836,23.481349943075774,-23.26619934641283,0,-24.187053850382657,0,-24.685932459196813,25.38730830759395,23.32466606230966,0,0,23.202128880344926,0,24.167036857665266,24.930747027803537,25.12238187400451,-23.44145728417009,25.719959509112332,25.168942972379817,-25.881076342491454,24.574481465178156,0,0,0,0,0,0,0,0,0,0,0,0,0,0,0,0,0,0,0,0,0,0,0,0,0,0,0,0,0,0
zig-2,25.150906682877302,24.682251785917707,25.51934764593567,-25.059790136856464,25.312670232104658,24.73708789754413,0,0,0,0.0,0,25.166514199277618,0,0,24.717897155729798,-23.490901779263428,0,23.75380705932843,0,25.405956701923643,0,25.281625064891344,-25.041951717760927,0,-24.09650864132317,0,0,23.618143544165452,-25.32515529391093,0,-22.368536374523682,24.725452121084288,0,-24.27365177115036,22.137584162744915,-23.718733161757207,-24.93502004915158,0,25.196591978503722,-25.071366570559853,0.0,25.7679798963955,-25.275746143127975,-24.02021865521118,0,-25.203726934965136,25.616645166968556,-22.797754598703484,-23.402054126717378,-24.616530765877982,-22.693888903981687,24.359870421310085,24.446954239888374,-26.031554042865857,24.852464504275428,-22.335228588377465,-23.118773517891924,21.132947272712006,-25.53427787762234,22.08271938927094,0,-24.91794500399821,0,25.569818387262472,24.55911323373852,-25.415509733054062,0,0,-25.496370093442238,0,23.657479943293943,-25.41799079975768,-24.617730066084007,22.99477906285905,24.25587732005447,-23.92338358531804,23.925728241411747,-25.53354432491424,0,0,0,0,0,0,0,0,0,0,0,0,0,0,0,0,0,0,0,0,0,0,0,0,0,0,0,0,0,0
zig-3,-24.83328727910065,25.72943749398668,26.23916635777063,22.93477181208554,-25.099285103663373,24.89999193303933,0,0,0,23.248069587226777,0,23.383969278652796,0,0,25.060620185061346,-26.26801839289576,0,23.180703312799043,0,23.53505096680238,0,-25.969463476025926,24.056631203873994,0,26.181212472118474,0,0,24.6101196638515,-24.284313314862633,0,-24.328376658045794,25.146799963702858,0,-25.61461951951926,-25.866570463384758,-23.30478197076832,-25.384574033305338,0,-24.74876836331278,24.704243959070734,-24.217665612395724,25.07114411763052,23.861365874584703,-24.02021865521118,0,25.372445666553933,-25.880555742022473,-24.490690694811853,-1.6991941037193452,25.495009542053005,-24.761700260396825,-23.673171155565853,0.0,23.354184556496076,-22.60665298951729,25.279061526726696,-25.758365682467428,25.804163344685925,23.52538066267326,25.110358198852524,0,25.253850589020153,0,-24.429107900165288,24.99653954762032,-0.5434122625554216,0,0,23.87404254859175,0,-23.56922845540543,-23.90315779714245,-25.570222799908077,-20.99246731901875,24.58944661841307,23.20885409620652,25.11196273150747,-25.804161304298,0,0,0,0,0,0,0,0,0,0,0,0,0,0,0,0,0,0,0,0,0,0,0,0,0,0,0,0,0,0
zig-4,22.54694063222897,-26.923718388113713,-23.96293630027538,23.881709214561898,23.94916185919488,25.432893268253295,0,0,0,0.0,0,-26.051201650606245,0,0,-25.982163698515905,-26.13405205472056,0,24.446954239888374,0,26.099103882483586,0,24.341169303606787,25.307840156581218,0,-23.69156865040671,0,0,22.752514745175485,-25.53250447897427,0,-25.29236706189064,23.194768026045903,0,-23.60332682183519,-25.410754987798224,22.402715446096778,25.827192579827376,0,-24.196744034020924,25.523150942030117,0.0,23.95224739204267,23.029924930998867,26.30347220386479,0,-25.318359251966527,26.096088806321397,-25.440904874160616,1.0004128197648143,-25.733185324977075,24.005488350668582,25.20741270863308,25.14010142044832,26.038869729960183,23.447681016227907,26.298794053829845,-25.97487990053272,-26.031082841442146,25.937291469508335,25.360954838921305,0,25.400882923865588,0,-25.235851299340556,24.632120617982533,24.847696088360713,0,0,25.647445820152647,0,-25.6256883257217,-24.864200659455538,24.47844670241724,25.260408859558982,-25.04003814441713,26.391361555842668,-26.292657311473686,24.79763560911132,0,0,0,0,0,0,0,0,0,0,0,0,0,0,0,0,0,0,0,0,0,0,0,0,0,0,0,0,0,0
zig-5,24.11552423977492,23.441005416839428,-24.602617158632818,23.484330590050522,-24.169855779483182,-24.9753920549962,0,0,0,0.0,0,22.94084105006244,0,0,24.177477770612303,-23.044657014145372,0,25.520218424971784,0,-25.483686694099095,0,-24.526787012910088,-0.5021918487395609,0,-23.306705907804336,0,0,-22.558620860791805,-23.625437956761715,0,23.484330590017162,-24.84012788904254,0,-0.22453306604751502,-24.802037087999917,0.030843425234221757,-23.889795698117062,0,25.060170523828734,23.86614432229357,22.609293875877945,2.058782395577599,23.12229270381227,-25.042331083358942,0,24.959298555310735,24.102820290558952,26.009433343038992,1.4619129199996461,-24.352085797668867,-24.56564060257399,-23.776578100060068,-25.407319256575317,-22.247693869307977,-23.834481507662183,22.95583983632093,25.13956524201228,22.247693869274794,-23.73925116999246,23.361418724677506,0,23.875935975524854,0,-24.18788806076706,-23.484330590026353,-0.33444335137730913,0,0,-25.666663550417756,0,-22.149762852042667,-23.257287177119295,-1.5022632474422937,-24.20004982509509,23.68380443735718,25.581138447539242,24.947078447426946,-0.2651712398902911,0,0,0,0,0,0,0,0,0,0,0,0,0,0,0,0,0,0,0,0,0,0,0,0,0,0,0,0,0,0
zig-6,0.0,0.0,0.0,0.0,0.0,0.0,0,0,0,0.0,0,0.0,0,0,0.0,0.0,0,0.0,0,0.0,0,0.0,0.0,0,0.0,0,0,0.0,0.0,0,0.0,0.0,0,0.0,0.0,0.0,0.0,0,0.0,0.0,0.0,0.0,0.0,0.0,0,0.0,0.0,0.0,0.0,0.0,0.0,0.0,0.0,0.0,0.0,0.0,0.0,0.0,0.0,0.0,0,0.0,0,0.0,0.0,0.0,0,0,0.0,0,0.0,0.0,0.0,0.0,0.0,0.0,0.0,0.0,0,0,0,0,0,0,0,0,0,0,0,0,0,0,0,0,0,0,0,0,0,0,0,0,0,0,0,0,0,0
zig-7,0.0,0.0,0.0,0.0,0.0,0.0,0,0,0,0.0,0,0.0,0,0,0.0,0.0,0,0.0,0,0.0,0,0.0,0.0,0,0.0,0,0,0.0,0.0,0,0.0,0.0,0,0.0,0.0,0.0,0.0,0,0.0,0.0,0.0,0.0,0.0,0.0,0,0.0,0.0,0.0,0.0,0.0,0.0,0.0,0.0,0.0,0.0,0.0,0.0,0.0,0.0,0.0,0,0.0,0,0.0,0.0,0.0,0,0,0.0,0,0.0,0.0,0.0,0.0,0.0,0.0,0.0,0.0,0,0,0,0,0,0,0,0,0,0,0,0,0,0,0,0,0,0,0,0,0,0,0,0,0,0,0,0,0,0
zig-8,0.0,0.0,0.0,0.0,0.0,0.0,0,0,0,0.0,0,0.0,0,0,0.0,0.0,0,0.0,0,0.0,0,0.0,0.0,0,0.0,0,0,0.0,0.0,0,0.0,0.0,0,0.0,0.0,0.0,0.0,0,0.0,0.0,0.0,0.0,0.0,0.0,0,0.0,0.0,0.0,0.0,0.0,0.0,0.0,0.0,0.0,0.0,0.0,0.0,0.0,0.0,0.0,0,0.0,0,0.0,0.0,0.0,0,0,0.0,0,0.0,0.0,0.0,0.0,0.0,0.0,0.0,0.0,0,0,0,0,0,0,0,0,0,0,0,0,0,0,0,0,0,0,0,0,0,0,0,0,0,0,0,0,0,0
zig-9,0.0,0.0,0.0,0.0,0.0,0.0,0,0,0,0.0,0,0.0,0,0,0.0,0.0,0,0.0,0,0.0,0,0.0,0.0,0,0.0,0,0,0.0,0.0,0,0.0,0.0,0,0.0,0.0,0.0,0.0,0,0.0,0.0,0.0,0.0,0.0,0.0,0,0.0,0.0,0.0,0.0,0.0,0.0,0.0,0.0,0.0,0.0,0.0,0.0,0.0,0.0,0.0,0,0.0,0,0.0,0.0,0.0,0,0,0.0,0,0.0,0.0,0.0,0.0,0.0,0.0,0.0,0.0,0,0,0,0,0,0,0,0,0,0,0,0,0,0,0,0,0,0,0,0,0,0,0,0,0,0,0,0,0,0
cdh-1,0.0,0.0,0.0,0.0,0.0,0.0,0,0,0,0.0,0,0.0,0,0,0.0,0.0,0,0.0,0,0.0,0,0.0,0.0,0,0.0,0,0,0.0,0.0,0,0.0,0.0,0,0.0,0.0,0.0,0.0,0,0.0,0.0,0.0,0.0,0.0,0.0,0,0.0,0.0,0.0,0.0,0.0,0.0,0.0,0.0,0.0,0.0,0.0,0.0,0.0,0.0,0.0,0,0.0,0,0.0,0.0,0.0,0,0,0.0,0,0.0,0.0,0.0,0.0,0.0,0.0,0.0,0.0,0,0,0,0,0,0,0,0,0,0,0,0,0,0,0,0,0,0,0,0,0,0,0,0,0,0,0,0,0,0
cdh-10,0.0,0.0,0.0,0.0,0.0,0.0,0,0,0,0.0,0,0.0,0,0,0.0,0.0,0,0.0,0,0.0,0,0.0,0.0,0,0.0,0,0,0.0,0.0,0,0.0,0.0,0,0.0,0.0,0.0,0.0,0,0.0,0.0,0.0,0.0,0.0,0.0,0,0.0,0.0,0.0,0.0,0.0,0.0,0.0,0.0,0.0,0.0,0.0,0.0,0.0,0.0,0.0,0,0.0,0,0.0,0.0,0.0,0,0,0.0,0,0.0,0.0,0.0,0.0,0.0,0.0,0.0,0.0,0,0,0,0,0,0,0,0,0,0,0,0,0,0,0,0,0,0,0,0,0,0,0,0,0,0,0,0,0,0
cdh-7,0.0,0.0,0.0,0.0,0.0,0.0,0,0,0,0.0,0,0.0,0,0,0.0,0.0,0,0.0,0,0.0,0,0.0,0.0,0,0.0,0,0,0.0,0.0,0,0.0,0.0,0,0.0,0.0,0.0,0.0,0,0.0,0.0,0.0,0.0,0.0,0.0,0,0.0,0.0,0.0,0.0,0.0,0.0,0.0,0.0,0.0,0.0,0.0,0.0,0.0,0.0,0.0,0,0.0,0,0.0,0.0,0.0,0,0,0.0,0,0.0,0.0,0.0,0.0,0.0,0.0,0.0,0.0,0,0,0,0,0,0,0,0,0,0,0,0,0,0,0,0,0,0,0,0,0,0,0,0,0,0,0,0,0,0
cdh-8,0.0,0.0,0.0,0.0,0.0,0.0,0,0,0,0.0,0,0.0,0,0,0.0,0.0,0,0.0,0,0.0,0,0.0,0.0,0,0.0,0,0,0.0,0.0,0,0.0,0.0,0,0.0,0.0,0.0,0.0,0,0.0,0.0,0.0,0.0,0.0,0.0,0,0.0,0.0,0.0,0.0,0.0,0.0,0.0,0.0,0.0,0.0,0.0,0.0,0.0,0.0,0.0,0,0.0,0,0.0,0.0,0.0,0,0,0.0,0,0.0,0.0,0.0,0.0,0.0,0.0,0.0,0.0,0,0,0,0,0,0,0,0,0,0,0,0,0,0,0,0,0,0,0,0,0,0,0,0,0,0,0,0,0,0
cdh-9,0.0,0.0,0.0,0.0,0.0,0.0,0,0,0,0.0,0,0.0,0,0,0.0,0.0,0,0.0,0,0.0,0,0.0,0.0,0,0.0,0,0,0.0,0.0,0,0.0,0.0,0,0.0,0.0,0.0,0.0,0,0.0,0.0,0.0,0.0,0.0,0.0,0,0.0,0.0,0.0,0.0,0.0,0.0,0.0,0.0,0.0,0.0,0.0,0.0,0.0,0.0,0.0,0,0.0,0,0.0,0.0,0.0,0,0,0.0,0,0.0,0.0,0.0,0.0,0.0,0.0,0.0,0.0,0,0,0,0,0,0,0,0,0,0,0,0,0,0,0,0,0,0,0,0,0,0,0,0,0,0,0,0,0,0
dig-1,0.0,0.0,0.0,0.0,0.0,0.0,0,0,0,0.0,0,0.0,0,0,0.0,0.0,0,0.0,0,0.0,0,0.0,0.0,0,0.0,0,0,0.0,0.0,0,0.0,0.0,0,0.0,0.0,0.0,0.0,0,0.0,0.0,0.0,0.0,0.0,0.0,0,0.0,0.0,0.0,0.0,0.0,0.0,0.0,0.0,0.0,0.0,0.0,0.0,0.0,0.0,0.0,0,0.0,0,0.0,0.0,0.0,0,0,0.0,0,0.0,0.0,0.0,0.0,0.0,0.0,0.0,0.0,0,0,0,0,0,0,0,0,0,0,0,0,0,0,0,0,0,0,0,0,0,0,0,0,0,0,0,0,0,0
egg-6,0.0,0.0,0.0,0.0,0.0,0.0,0,0,0,0.0,0,0.0,0,0,0.0,0.0,0,0.0,0,0.0,0,0.0,0.0,0,0.0,0,0,0.0,0.0,0,0.0,0.0,0,0.0,0.0,0.0,0.0,0,0.0,0.0,0.0,0.0,0.0,0.0,0,0.0,0.0,0.0,0.0,0.0,0.0,0.0,0.0,0.0,0.0,0.0,0.0,0.0,0.0,0.0,0,0.0,0,0.0,0.0,0.0,0,0,0.0,0,0.0,0.0,0.0,0.0,0.0,0.0,0.0,0.0,0,0,0,0,0,0,0,0,0,0,0,0,0,0,0,0,0,0,0,0,0,0,0,0,0,0,0,0,0,0
fshr-1,0.0,0.0,0.0,0.0,0.0,0.0,0,0,0,0.0,0,0.0,0,0,0.0,0.0,0,0.0,0,0.0,0,0.0,0.0,0,0.0,0,0,0.0,0.0,0,0.0,0.0,0,0.0,0.0,0.0,0.0,0,0.0,0.0,0.0,0.0,0.0,0.0,0,0.0,0.0,0.0,0.0,0.0,0.0,0.0,0.0,0.0,0.0,0.0,0.0,0.0,0.0,0.0,0,0.0,0,0.0,0.0,0.0,0,0,0.0,0,0.0,0.0,0.0,0.0,0.0,0.0,0.0,0.0,0,0,0,0,0,0,0,0,0,0,0,0,0,0,0,0,0,0,0,0,0,0,0,0,0,0,0,0,0,0
igcm-4,0.0,0.0,0.0,0.0,0.0,0.0,0,0,0,0.0,0,0.0,0,0,0.0,0.0,0,0.0,0,0.0,0,0.0,0.0,0,0.0,0,0,0.0,0.0,0,0.0,0.0,0,0.0,0.0,0.0,0.0,0,0.0,0.0,0.0,0.0,0.0,0.0,0,0.0,0.0,0.0,0.0,0.0,0.0,0.0,0.0,0.0,0.0,0.0,0.0,0.0,0.0,0.0,0,0.0,0,0.0,0.0,0.0,0,0,0.0,0,0.0,0.0,0.0,0.0,0.0,0.0,0.0,0.0,0,0,0,0,0,0,0,0,0,0,0,0,0,0,0,0,0,0,0,0,0,0,0,0,0,0,0,0,0,0
igdb-2,0.0,0.0,0.0,0.0,0.0,0.0,0,0,0,0.0,0,0.0,0,0,0.0,0.0,0,0.0,0,0.0,0,0.0,0.0,0,0.0,0,0,0.0,0.0,0,0.0,0.0,0,0.0,0.0,0.0,0.0,0,0.0,0.0,0.0,0.0,0.0,0.0,0,0.0,0.0,0.0,0.0,0.0,0.0,0.0,0.0,0.0,0.0,0.0,0.0,0.0,0.0,0.0,0,0.0,0,0.0,0.0,0.0,0,0,0.0,0,0.0,0.0,0.0,0.0,0.0,0.0,0.0,0.0,0,0,0,0,0,0,0,0,0,0,0,0,0,0,0,0,0,0,0,0,0,0,0,0,0,0,0,0,0,0
igdb-3,0.0,0.0,0.0,0.0,0.0,0.0,0,0,0,0.0,0,0.0,0,0,0.0,0.0,0,0.0,0,0.0,0,0.0,0.0,0,0.0,0,0,0.0,0.0,0,0.0,0.0,0,0.0,0.0,0.0,0.0,0,0.0,0.0,0.0,0.0,0.0,0.0,0,0.0,0.0,0.0,0.0,0.0,0.0,0.0,0.0,0.0,0.0,0.0,0.0,0.0,0.0,0.0,0,0.0,0,0.0,0.0,0.0,0,0,0.0,0,0.0,0.0,0.0,0.0,0.0,0.0,0.0,0.0,0,0,0,0,0,0,0,0,0,0,0,0,0,0,0,0,0,0,0,0,0,0,0,0,0,0,0,0,0,0
iglr-2,0.0,0.0,0.0,0.0,0.0,0.0,0,0,0,0.0,0,0.0,0,0,0.0,0.0,0,0.0,0,0.0,0,0.0,0.0,0,0.0,0,0,0.0,0.0,0,0.0,0.0,0,0.0,0.0,0.0,0.0,0,0.0,0.0,0.0,0.0,0.0,0.0,0,0.0,0.0,0.0,0.0,0.0,0.0,0.0,0.0,0.0,0.0,0.0,0.0,0.0,0.0,0.0,0,0.0,0,0.0,0.0,0.0,0,0,0.0,0,0.0,0.0,0.0,0.0,0.0,0.0,0.0,0.0,0,0,0,0,0,0,0,0,0,0,0,0,0,0,0,0,0,0,0,0,0,0,0,0,0,0,0,0,0,0
itx-1,0.0,0.0,0.0,0.0,0.0,0.0,0,0,0,0.0,0,0.0,0,0,0.0,0.0,0,0.0,0,0.0,0,0.0,0.0,0,0.0,0,0,0.0,0.0,0,0.0,0.0,0,0.0,0.0,0.0,0.0,0,0.0,0.0,0.0,0.0,0.0,0.0,0,0.0,0.0,0.0,0.0,0.0,0.0,0.0,0.0,0.0,0.0,0.0,0.0,0.0,0.0,0.0,0,0.0,0,0.0,0.0,0.0,0,0,0.0,0,0.0,0.0,0.0,0.0,0.0,0.0,0.0,0.0,0,0,0,0,0,0,0,0,0,0,0,0,0,0,0,0,0,0,0,0,0,0,0,0,0,0,0,0,0,0
lron-1,0.0,0.0,0.0,0.0,0.0,0.0,0,0,0,0.0,0,0.0,0,0,0.0,0.0,0,0.0,0,0.0,0,0.0,0.0,0,0.0,0,0,0.0,0.0,0,0.0,0.0,0,0.0,0.0,0.0,0.0,0,0.0,0.0,0.0,0.0,0.0,0.0,0,0.0,0.0,0.0,0.0,0.0,0.0,0.0,0.0,0.0,0.0,0.0,0.0,0.0,0.0,0.0,0,0.0,0,0.0,0.0,0.0,0,0,0.0,0,0.0,0.0,0.0,0.0,0.0,0.0,0.0,0.0,0,0,0,0,0,0,0,0,0,0,0,0,0,0,0,0,0,0,0,0,0,0,0,0,0,0,0,0,0,0
lron-2,0.0,0.0,0.0,0.0,0.0,0.0,0,0,0,0.0,0,0.0,0,0,0.0,0.0,0,0.0,0,0.0,0,0.0,0.0,0,0.0,0,0,0.0,0.0,0,0.0,0.0,0,0.0,0.0,0.0,0.0,0,0.0,0.0,0.0,0.0,0.0,0.0,0,0.0,0.0,0.0,0.0,0.0,0.0,0.0,0.0,0.0,0.0,0.0,0.0,0.0,0.0,0.0,0,0.0,0,0.0,0.0,0.0,0,0,0.0,0,0.0,0.0,0.0,0.0,0.0,0.0,0.0,0.0,0,0,0,0,0,0,0,0,0,0,0,0,0,0,0,0,0,0,0,0,0,0,0,0,0,0,0,0,0,0
lron-3,0.0,0.0,0.0,0.0,0.0,0.0,0,0,0,0.0,0,0.0,0,0,0.0,0.0,0,0.0,0,0.0,0,0.0,0.0,0,0.0,0,0,0.0,0.0,0,0.0,0.0,0,0.0,0.0,0.0,0.0,0,0.0,0.0,0.0,0.0,0.0,0.0,0,0.0,0.0,0.0,0.0,0.0,0.0,0.0,0.0,0.0,0.0,0.0,0.0,0.0,0.0,0.0,0,0.0,0,0.0,0.0,0.0,0,0,0.0,0,0.0,0.0,0.0,0.0,0.0,0.0,0.0,0.0,0,0,0,0,0,0,0,0,0,0,0,0,0,0,0,0,0,0,0,0,0,0,0,0,0,0,0,0,0,0
lron-4,0.0,0.0,0.0,0.0,0.0,0.0,0,0,0,0.0,0,0.0,0,0,0.0,0.0,0,0.0,0,0.0,0,0.0,0.0,0,0.0,0,0,0.0,0.0,0,0.0,0.0,0,0.0,0.0,0.0,0.0,0,0.0,0.0,0.0,0.0,0.0,0.0,0,0.0,0.0,0.0,0.0,0.0,0.0,0.0,0.0,0.0,0.0,0.0,0.0,0.0,0.0,0.0,0,0.0,0,0.0,0.0,0.0,0,0,0.0,0,0.0,0.0,0.0,0.0,0.0,0.0,0.0,0.0,0,0,0,0,0,0,0,0,0,0,0,0,0,0,0,0,0,0,0,0,0,0,0,0,0,0,0,0,0,0
lron-8,0.0,0.0,0.0,0.0,0.0,0.0,0,0,0,0.0,0,0.0,0,0,0.0,0.0,0,0.0,0,0.0,0,0.0,0.0,0,0.0,0,0,0.0,0.0,0,0.0,0.0,0,0.0,0.0,0.0,0.0,0,0.0,0.0,0.0,0.0,0.0,0.0,0,0.0,0.0,0.0,0.0,0.0,0.0,0.0,0.0,0.0,0.0,0.0,0.0,0.0,0.0,0.0,0,0.0,0,0.0,0.0,0.0,0,0,0.0,0,0.0,0.0,0.0,0.0,0.0,0.0,0.0,0.0,0,0,0,0,0,0,0,0,0,0,0,0,0,0,0,0,0,0,0,0,0,0,0,0,0,0,0,0,0,0
lron-9,0.0,0.0,0.0,0.0,0.0,0.0,0,0,0,0.0,0,0.0,0,0,0.0,0.0,0,0.0,0,0.0,0,0.0,0.0,0,0.0,0,0,0.0,0.0,0,0.0,0.0,0,0.0,0.0,0.0,0.0,0,0.0,0.0,0.0,0.0,0.0,0.0,0,0.0,0.0,0.0,0.0,0.0,0.0,0.0,0.0,0.0,0.0,0.0,0.0,0.0,0.0,0.0,0,0.0,0,0.0,0.0,0.0,0,0,0.0,0,0.0,0.0,0.0,0.0,0.0,0.0,0.0,0.0,0,0,0,0,0,0,0,0,0,0,0,0,0,0,0,0,0,0,0,0,0,0,0,0,0,0,0,0,0,0
oig-6,0.0,0.0,0.0,0.0,0.0,0.0,0,0,0,0.0,0,0.0,0,0,0.0,0.0,0,0.0,0,0.0,0,0.0,0.0,0,0.0,0,0,0.0,0.0,0,0.0,0.0,0,0.0,0.0,0.0,0.0,0,0.0,0.0,0.0,0.0,0.0,0.0,0,0.0,0.0,0.0,0.0,0.0,0.0,0.0,0.0,0.0,0.0,0.0,0.0,0.0,0.0,0.0,0,0.0,0,0.0,0.0,0.0,0,0,0.0,0,0.0,0.0,0.0,0.0,0.0,0.0,0.0,0.0,0,0,0,0,0,0,0,0,0,0,0,0,0,0,0,0,0,0,0,0,0,0,0,0,0,0,0,0,0,0
oig-7,0.0,0.0,0.0,0.0,0.0,0.0,0,0,0,0.0,0,0.0,0,0,0.0,0.0,0,0.0,0,0.0,0,0.0,0.0,0,0.0,0,0,0.0,0.0,0,0.0,0.0,0,0.0,0.0,0.0,0.0,0,0.0,0.0,0.0,0.0,0.0,0.0,0,0.0,0.0,0.0,0.0,0.0,0.0,0.0,0.0,0.0,0.0,0.0,0.0,0.0,0.0,0.0,0,0.0,0,0.0,0.0,0.0,0,0,0.0,0,0.0,0.0,0.0,0.0,0.0,0.0,0.0,0.0,0,0,0,0,0,0,0,0,0,0,0,0,0,0,0,0,0,0,0,0,0,0,0,0,0,0,0,0,0,0
sma-10,0.0,0.0,0.0,0.0,0.0,0.0,0,0,0,0.0,0,0.0,0,0,0.0,0.0,0,0.0,0,0.0,0,0.0,0.0,0,0.0,0,0,0.0,0.0,0,0.0,0.0,0,0.0,0.0,0.0,0.0,0,0.0,0.0,0.0,0.0,0.0,0.0,0,0.0,0.0,0.0,0.0,0.0,0.0,0.0,0.0,0.0,0.0,0.0,0.0,0.0,0.0,0.0,0,0.0,0,0.0,0.0,0.0,0,0,0.0,0,0.0,0.0,0.0,0.0,0.0,0.0,0.0,0.0,0,0,0,0,0,0,0,0,0,0,0,0,0,0,0,0,0,0,0,0,0,0,0,0,0,0,0,0,0,0
sym-1,0.0,0.0,0.0,0.0,0.0,0.0,0,0,0,0.0,0,0.0,0,0,0.0,0.0,0,0.0,0,0.0,0,0.0,0.0,0,0.0,0,0,0.0,0.0,0,0.0,0.0,0,0.0,0.0,0.0,0.0,0,0.0,0.0,0.0,0.0,0.0,0.0,0,0.0,0.0,0.0,0.0,0.0,0.0,0.0,0.0,0.0,0.0,0.0,0.0,0.0,0.0,0.0,0,0.0,0,0.0,0.0,0.0,0,0,0.0,0,0.0,0.0,0.0,0.0,0.0,0.0,0.0,0.0,0,0,0,0,0,0,0,0,0,0,0,0,0,0,0,0,0,0,0,0,0,0,0,0,0,0,0,0,0,0
T07H6.4,0.0,0.0,0.0,0.0,0.0,0.0,0,0,0,0.0,0,0.0,0,0,0.0,0.0,0,0.0,0,0.0,0,0.0,0.0,0,0.0,0,0,0.0,0.0,0,0.0,0.0,0,0.0,0.0,0.0,0.0,0,0.0,0.0,0.0,0.0,0.0,0.0,0,0.0,0.0,0.0,0.0,0.0,0.0,0.0,0.0,0.0,0.0,0.0,0.0,0.0,0.0,0.0,0,0.0,0,0.0,0.0,0.0,0,0,0.0,0,0.0,0.0,0.0,0.0,0.0,0.0,0.0,0.0,0,0,0,0,0,0,0,0,0,0,0,0,0,0,0,0,0,0,0,0,0,0,0,0,0,0,0,0,0,0
ver-1,0.0,0.0,0.0,0.0,0.0,0.0,0,0,0,0.0,0,0.0,0,0,0.0,0.0,0,0.0,0,0.0,0,0.0,0.0,0,0.0,0,0,0.0,0.0,0,0.0,0.0,0,0.0,0.0,0.0,0.0,0,0.0,0.0,0.0,0.0,0.0,0.0,0,0.0,0.0,0.0,0.0,0.0,0.0,0.0,0.0,0.0,0.0,0.0,0.0,0.0,0.0,0.0,0,0.0,0,0.0,0.0,0.0,0,0,0.0,0,0.0,0.0,0.0,0.0,0.0,0.0,0.0,0.0,0,0,0,0,0,0,0,0,0,0,0,0,0,0,0,0,0,0,0,0,0,0,0,0,0,0,0,0,0,0
ver-4,0.0,0.0,0.0,0.0,0.0,0.0,0,0,0,0.0,0,0.0,0,0,0.0,0.0,0,0.0,0,0.0,0,0.0,0.0,0,0.0,0,0,0.0,0.0,0,0.0,0.0,0,0.0,0.0,0.0,0.0,0,0.0,0.0,0.0,0.0,0.0,0.0,0,0.0,0.0,0.0,0.0,0.0,0.0,0.0,0.0,0.0,0.0,0.0,0.0,0.0,0.0,0.0,0,0.0,0,0.0,0.0,0.0,0,0,0.0,0,0.0,0.0,0.0,0.0,0.0,0.0,0.0,0.0,0,0,0,0,0,0,0,0,0,0,0,0,0,0,0,0,0,0,0,0,0,0,0,0,0,0,0,0,0,0
